river,batch
Ishikari,AR-04_HOKKAIDO
Tokachi,AR-04_HOKKAIDO
Teshio,AR-04_HOKKAIDO
Kushiro,AR-04_HOKKAIDO
Abashiri,AR-04_HOKKAIDO
Tokoro,AR-04_HOKKAIDO
Yubetsu,AR-04_HOKKAIDO
Shokotsu,AR-04_HOKKAIDO
Shiribetsu,AR-04_HOKKAIDO
Mu,AR-04_HOKKAIDO
Saru,AR-04_HOKKAIDO
Sorachi,AR-04_HOKKAIDO
Toyohira,AR-04_HOKKAIDO
Mabechi,AR-05_TOHOKU
Takase,AR-05_TOHOKU
Iwaki,AR-05_TOHOKU
Yoneshiro,AR-05_TOHOKU
Omono,AR-05_TOHOKU
Koyoshi,AR-05_TOHOKU
Mogami,AR-05_TOHOKU
Aka,AR-05_TOHOKU
Kitakami,AR-05_TOHOKU
Naruse,AR-05_TOHOKU
Natori,AR-05_TOHOKU
Abukuma,AR-05_TOHOKU
Tone,AR-06_KANTO
Edo,AR-06_KANTO
Arakawa,AR-06_KANTO
Sumida,AR-06_KANTO
Tama,AR-06_KANTO
Sagami,AR-06_KANTO
Naka,AR-06_KANTO
Kuji,AR-06_KANTO
Tsurumi,AR-06_KANTO
Kinu,AR-06_KANTO
Kokai,AR-06_KANTO
Watarase,AR-06_KANTO
Agatsuma,AR-06_KANTO
Karasu,AR-06_KANTO
Iruma,AR-06_KANTO
Asakawa,AR-06_KANTO
Shinano,AR-07_CHUBU_HOKURIKU
Agano,AR-07_CHUBU_HOKURIKU
Seki,AR-07_CHUBU_HOKURIKU
Hime,AR-07_CHUBU_HOKURIKU
Kurobe,AR-07_CHUBU_HOKURIKU
Joganji,AR-07_CHUBU_HOKURIKU
Jinzu,AR-07_CHUBU_HOKURIKU
Sho,AR-07_CHUBU_HOKURIKU
Oyabe,AR-07_CHUBU_HOKURIKU
Tedori,AR-07_CHUBU_HOKURIKU
Kuzuryu,AR-07_CHUBU_HOKURIKU
Sai,AR-07_CHUBU_HOKURIKU
Uono,AR-07_CHUBU_HOKURIKU
Fuji,AR-07_CHUBU_HOKURIKU
Kano,AR-07_CHUBU_HOKURIKU
Abe,AR-07_CHUBU_HOKURIKU
Oi,AR-07_CHUBU_HOKURIKU
Kiku,AR-07_CHUBU_HOKURIKU
Tenryu,AR-07_CHUBU_HOKURIKU
Toyo,AR-07_CHUBU_HOKURIKU
Yahagi,AR-07_CHUBU_HOKURIKU
Shonai,AR-07_CHUBU_HOKURIKU
Kiso,AR-07_CHUBU_HOKURIKU
Nagara,AR-07_CHUBU_HOKURIKU
Ibi,AR-07_CHUBU_HOKURIKU
Hida,AR-07_CHUBU_HOKURIKU
Suzuka,AR-08_KINKI_CHUGOKU_SHIKOKU
Kumozu,AR-08_KINKI_CHUGOKU_SHIKOKU
Kushida,AR-08_KINKI_CHUGOKU_SHIKOKU
Miya,AR-08_KINKI_CHUGOKU_SHIKOKU
Yodo,AR-08_KINKI_CHUGOKU_SHIKOKU
Yura,AR-08_KINKI_CHUGOKU_SHIKOKU
Kakogawa,AR-08_KINKI_CHUGOKU_SHIKOKU
Ibo,AR-08_KINKI_CHUGOKU_SHIKOKU
Kino,AR-08_KINKI_CHUGOKU_SHIKOKU
Yamato,AR-08_KINKI_CHUGOKU_SHIKOKU
Katsura,AR-08_KINKI_CHUGOKU_SHIKOKU
Kizu,AR-08_KINKI_CHUGOKU_SHIKOKU
Sendai-Tottori,AR-08_KINKI_CHUGOKU_SHIKOKU
Gono,AR-08_KINKI_CHUGOKU_SHIKOKU
Takatsu,AR-08_KINKI_CHUGOKU_SHIKOKU
Yoshii,AR-08_KINKI_CHUGOKU_SHIKOKU
Asahi,AR-08_KINKI_CHUGOKU_SHIKOKU
Takahashi,AR-08_KINKI_CHUGOKU_SHIKOKU
Ashida,AR-08_KINKI_CHUGOKU_SHIKOKU
Ota,AR-08_KINKI_CHUGOKU_SHIKOKU
Oze,AR-08_KINKI_CHUGOKU_SHIKOKU
Saba,AR-08_KINKI_CHUGOKU_SHIKOKU
Hii,AR-08_KINKI_CHUGOKU_SHIKOKU
Ohashi,AR-08_KINKI_CHUGOKU_SHIKOKU
Yoshino,AR-08_KINKI_CHUGOKU_SHIKOKU
Naka-Tokushima,AR-08_KINKI_CHUGOKU_SHIKOKU
Doki,AR-08_KINKI_CHUGOKU_SHIKOKU
Shigenobu,AR-08_KINKI_CHUGOKU_SHIKOKU
Hiji,AR-08_KINKI_CHUGOKU_SHIKOKU
Shimanto,AR-08_KINKI_CHUGOKU_SHIKOKU
Onga,AR-09_KYUSHU
Yamakuni,AR-09_KYUSHU
Oita,AR-09_KYUSHU
Ono,AR-09_KYUSHU
Banjo,AR-09_KYUSHU
Gokase,AR-09_KYUSHU
Oyodo,AR-09_KYUSHU
Sendai-Kagoshima,AR-09_KYUSHU
Kimotsuki,AR-09_KYUSHU
Matsuura,AR-09_KYUSHU
Rokkaku,AR-09_KYUSHU
Chikugo,AR-09_KYUSHU
Kikuchi,AR-09_KYUSHU
Midori,AR-09_KYUSHU
Shira,AR-09_KYUSHU
Honmyo,AR-09_KYUSHU
Kuma,AR-09_KYUSHU
Kusu,AR-09_KYUSHU
