river,official_identifier,water_system_code,classification,reason
"Ishikari","W05:810103:8101030001:石狩川","810103",REFIT,"local route/W05/valley correction required"
"Tokachi","W05:810108:8101080001:十勝川","810108",REFIT,"local route/W05/valley correction required"
"Teshio","W05:810101:8101010001:天塩川","810101",REBUILD,"large-scale route/W05/valley deviation"
"Kushiro","W05:810109:8101090001:釧路川","810109",REBUILD,"illegal active-lake intersection"
"Abashiri","W05:810110:8101100001:網走川","810110",REFIT,"local route/W05/valley correction required"
"Tokoro","W05:810111:8101110001:常呂川","810111",REFIT,"local route/W05/valley correction required"
"Yubetsu","W05:810112:8101120001:湧別川","810112",REFIT,"local route/W05/valley correction required"
"Shokotsu","W05:810113:8101130001:渚滑川","810113",KEEP,"alignment within AR-02 tolerance"
"Shiribetsu","W05:810104:8101040001:尻別川","810104",REFIT,"local route/W05/valley correction required"
"Mu","W05:810106:8101060001:鵡川","810106",REBUILD,"large-scale route/W05/valley deviation"
"Saru","W05:810107:8101070001:沙流川","810107",REFIT,"local route/W05/valley correction required"
"Sorachi","W05:810103:8101030250:空知川","810103",REBUILD,"illegal active-lake intersection"
"Toyohira","W05:810103:8101030031:豊平川","810103",KEEP,"alignment within AR-02 tolerance"
"Mabechi","W05:820205:8202050001:馬淵川","820205",KEEP,"alignment within AR-02 tolerance"
"Takase","W05:820206:8202060001:高瀬川","820206",REBUILD,"illegal active-lake intersection"
"Iwaki","W05:820207:8202070001:岩木川","820207",KEEP,"alignment within AR-02 tolerance"
"Yoneshiro","W05:820208:8202080001:米代川","820208",REFIT,"local route/W05/valley correction required"
"Omono","W05:820209:8202090001:雄物川","820209",REFIT,"local route/W05/valley correction required"
"Koyoshi","W05:820210:8202100001:子吉川","820210",REFIT,"local route/W05/valley correction required"
"Mogami","W05:820211:8202110001:最上川","820211",KEEP,"alignment within AR-02 tolerance"
"Aka","W05:820212:8202120001:赤川","820212",REBUILD,"illegal active-lake intersection"
"Kitakami","W05:820204:8202040001:北上川","820204",REFIT,"local route/W05/valley correction required"
"Naruse","W05:820203:8202030001:鳴瀬川","820203",REFIT,"local route/W05/valley correction required"
"Natori","W05:820202:8202020001:名取川","820202",KEEP,"alignment within AR-02 tolerance"
"Abukuma","W05:820201:8202010001:阿武隈川","820201",REFIT,"local route/W05/valley correction required"
"Tone","W05:830303:8303030001:利根川","830303",KEEP,"alignment within AR-02 tolerance"
"Edo","W05:830303:8303030304:江戸川","830303",KEEP,"alignment within AR-02 tolerance"
"Arakawa","W05:830304:8303040001:荒川","830304",MANUAL_KEEP,"validated upper-route/rapid corridor intentionally differs from whole W05 stem"
"Sumida","W05:830304:8303040011:隅田川","830304",KEEP,"alignment within AR-02 tolerance"
"Tama","W05:830305:8303050001:多摩川","830305",KEEP,"alignment within AR-02 tolerance"
"Sagami","W05:830307:8303070001:相模川","830307",REBUILD,"illegal active-lake intersection"
"Naka","W05:830302:8303020001:那珂川","830302",KEEP,"alignment within AR-02 tolerance"
"Kuji","W05:830301:8303010001:久慈川","830301",REBUILD,"large-scale route/W05/valley deviation"
"Tsurumi","W05:830306:8303060001:鶴見川","830306",KEEP,"alignment within AR-02 tolerance"
"Kinu","W05:830303:8303030203:鬼怒川","830303",REFIT,"local route/W05/valley correction required"
"Kokai","W05:830303:8303030152:小貝川","830303",KEEP,"alignment within AR-02 tolerance"
"Watarase","W05:830303:8303030461:渡良瀬川","830303",REFIT,"local route/W05/valley correction required"
"Agatsuma","W05:830303:8303030920:吾妻川","830303",REFIT,"local route/W05/valley correction required"
"Karasu","W05:830303:8303030689:烏川","830303",KEEP,"alignment within AR-02 tolerance"
"Iruma","W05:830304:8303040064:入間川","830304",REBUILD,"illegal active-lake intersection"
"Asakawa","W05:830305:8303050020:浅川","830305",REBUILD,"large-scale route/W05/valley deviation"
"Shinano","W05:840403:8404030001:信濃川","840403",KEEP,"alignment within AR-02 tolerance"
"Agano","W05:840402:8404020001:阿賀野川","840402",REFIT,"local route/W05/valley correction required"
"Seki","W05:840404:8404040001:関川","840404",KEEP,"alignment within AR-02 tolerance"
"Hime","W05:840405:8404050001:姫川","840405",KEEP,"alignment within AR-02 tolerance"
"Kurobe","W05:840406:8404060001:黒部川","840406",REBUILD,"large-scale route/W05/valley deviation"
"Joganji","W05:840407:8404070001:常願寺川","840407",REFIT,"local route/W05/valley correction required"
"Jinzu","W05:840408:8404080001:神通川","840408",REFIT,"local route/W05/valley correction required"
"Sho","W05:840409:8404090001:庄川","840409",REBUILD,"illegal active-lake intersection"
"Oyabe","W05:840410:8404100001:小矢部川","840410",KEEP,"alignment within AR-02 tolerance"
"Tedori","W05:840411:8404110001:手取川","840411",KEEP,"alignment within AR-02 tolerance"
"Kuzuryu","W05:860607:8606070001:九頭竜川","860607",REFIT,"local route/W05/valley correction required"
"Sai","W05:840403:8404030705:犀川","840403",KEEP,"alignment within AR-02 tolerance"
"Uono","W05:840403:8404030237:魚野川","840403",REFIT,"local route/W05/valley correction required"
"Fuji","W05:830308:8303080001:富士川","830308",REFIT,"local route/W05/valley correction required"
"Kano","W05:850501:8505010001:狩野川","850501",REFIT,"local route/W05/valley correction required"
"Abe","W05:850502:8505020001:安倍川","850502",REFIT,"local route/W05/valley correction required"
"Oi","W05:850503:8505030001:大井川","850503",REFIT,"local route/W05/valley correction required"
"Kiku","W05:850504:8505040001:菊川","850504",REFIT,"local route/W05/valley correction required"
"Tenryu","W05:850505:8505050001:天竜川","850505",REFIT,"local route/W05/valley correction required"
"Toyo","W05:850506:8505060001:豊川","850506",REBUILD,"large-scale route/W05/valley deviation"
"Yahagi","W05:850507:8505070001:矢作川","850507",REFIT,"local route/W05/valley correction required"
"Shonai","W05:850508:8505080001:庄内川","850508",REFIT,"local route/W05/valley correction required"
"Kiso","W05:850509:8505090001:木曽川","850509",KEEP,"alignment within AR-02 tolerance"
"Nagara","W05:850509:8505090004:長良川","850509",REBUILD,"illegal active-lake intersection"
"Ibi","W05:850509:8505090002:揖斐川","850509",KEEP,"alignment within AR-02 tolerance"
"Suzuka","W05:850510:8505100001:鈴鹿川","850510",REFIT,"local route/W05/valley correction required"
"Kumozu","W05:850511:8505110001:雲出川","850511",REBUILD,"large-scale route/W05/valley deviation"
"Kushida","W05:850512:8505120001:櫛田川","850512",REBUILD,"large-scale route/W05/valley deviation"
"Miya","W05:850513:8505130001:宮川","850513",KEEP,"alignment within AR-02 tolerance"
"Yodo","W05:860604:8606040001:淀川","860604",REFIT,"local route/W05/valley correction required"
"Yura","W05:860609:8606090001:由良川","860609",KEEP,"alignment within AR-02 tolerance"
"Kakogawa","W05:860605:8606050001:加古川","860605",REFIT,"local route/W05/valley correction required"
"Ibo","W05:860606:8606060001:揖保川","860606",KEEP,"alignment within AR-02 tolerance"
"Kino","W05:860602:8606020001:紀の川","860602",REFIT,"local route/W05/valley correction required"
"Yamato","W05:860603:8606030001:大和川","860603",KEEP,"alignment within AR-02 tolerance"
"Hida","W05:850509:8505090255:飛騨川","850509",REBUILD,"illegal active-lake intersection"
"Katsura","W05:860604:8606040167:桂川","860604",REFIT,"local route/W05/valley correction required"
"Kizu","W05:860604:8606040371:木津川","860604",KEEP,"alignment within AR-02 tolerance"
"Sendai-Tottori","W05:870701:8707010001:千代川","870701",REFIT,"local route/W05/valley correction required"
"Gono","W05:870705:8707050001:江の川","870705",REFIT,"local route/W05/valley correction required"
"Takatsu","W05:870706:8707060001:高津川","870706",REBUILD,"large-scale route/W05/valley deviation"
"Yoshii","W05:870713:8707130001:吉井川","870713",REBUILD,"large-scale route/W05/valley deviation"
"Asahi","W05:870712:8707120001:旭川","870712",REFIT,"local route/W05/valley correction required"
"Takahashi","W05:870711:8707110001:高梁川","870711",REFIT,"local route/W05/valley correction required"
"Ashida","W05:870710:8707100001:芦田川","870710",REFIT,"local route/W05/valley correction required"
"Ota","W05:870709:8707090001:太田川","870709",REFIT,"local route/W05/valley correction required"
"Oze","W05:870708:8707080001:小瀬川","870708",REFIT,"local route/W05/valley correction required"
"Saba","W05:870707:8707070001:佐波川","870707",REFIT,"local route/W05/valley correction required"
"Hii","W05:870704:8707040001:斐伊川","870704",REFIT,"local route/W05/valley correction required"
"Ohashi","W05:870704:8707040001:大橋川","870704",KEEP,"alignment within AR-02 tolerance"
"Yoshino","W05:880807:8808070001:吉野川","880807",REBUILD,"illegal active-lake intersection"
"Naka-Tokushima","W05:880806:8808060001:那賀川","880806",REBUILD,"large-scale route/W05/valley deviation"
"Doki","W05:880808:8808080001:土器川","880808",REFIT,"local route/W05/valley correction required"
"Shigenobu","W05:880801:8808010001:重信川","880801",KEEP,"alignment within AR-02 tolerance"
"Hiji","W05:880802:8808020001:肱川","880802",REFIT,"local route/W05/valley correction required"
"Shimanto","W05:880803:8808030001:渡川","880803",REFIT,"local route/W05/valley correction required"
"Onga","W05:890901:8909010001:遠賀川","890901",REFIT,"local route/W05/valley correction required"
"Yamakuni","W05:890920:8909200001:山国川","890920",REFIT,"local route/W05/valley correction required"
"Oita","W05:890919:8909190001:大分川","890919",KEEP,"alignment within AR-02 tolerance"
"Ono","W05:890918:8909180001:大野川","890918",REFIT,"local route/W05/valley correction required"
"Banjo","W05:890917:8909170001:番匠川","890917",KEEP,"alignment within AR-02 tolerance"
"Gokase","W05:890916:8909160001:五ヶ瀬川","890916",KEEP,"alignment within AR-02 tolerance"
"Oyodo","W05:890914:8909140001:大淀川","890914",REFIT,"local route/W05/valley correction required"
"Sendai-Kagoshima","W05:890912:8909120001:川内川","890912",REBUILD,"illegal active-lake intersection"
"Kimotsuki","W05:890913:8909130001:肝属川","890913",REFIT,"local route/W05/valley correction required"
"Matsuura","W05:890902:8909020001:松浦川","890902",KEEP,"alignment within AR-02 tolerance"
"Rokkaku","W05:890904:8909040001:六角川","890904",REFIT,"local route/W05/valley correction required"
"Chikugo","W05:890906:8909060001:筑後川","890906",REFIT,"local route/W05/valley correction required"
"Kikuchi","W05:890908:8909080001:菊池川","890908",KEEP,"alignment within AR-02 tolerance"
"Midori","W05:890910:8909100001:緑川","890910",REFIT,"local route/W05/valley correction required"
"Shira","W05:890909:8909090001:白川","890909",KEEP,"alignment within AR-02 tolerance"
"Honmyo","W05:890903:8909030001:本明川","890903",REFIT,"local route/W05/valley correction required"
"Kuma","W05:890911:8909110001:球磨川","890911",REFIT,"local route/W05/valley correction required"
"Kusu","W05:890906:8909060223:玖珠川","890906",KEEP,"alignment within AR-02 tolerance"
