river,official_identifier,seq,x,z,source_shift,route_length,max_chord,join_distance,graph_radius
Yoshino,W05:880807:8808070001:吉野川,0,-74271,26721,3661.023,5079.151,138.708,63.977,160
Yoshino,W05:880807:8808070001:吉野川,1,-74285,26785,3661.023,5079.151,138.708,63.977,160
Yoshino,W05:880807:8808070001:吉野川,2,-74259,26822,3661.023,5079.151,138.708,63.977,160
Yoshino,W05:880807:8808070001:吉野川,3,-74233,26836,3661.023,5079.151,138.708,63.977,160
Yoshino,W05:880807:8808070001:吉野川,4,-74162,26866,3661.023,5079.151,138.708,63.977,160
Yoshino,W05:880807:8808070001:吉野川,5,-74120,26899,3661.023,5079.151,138.708,63.977,160
Yoshino,W05:880807:8808070001:吉野川,6,-74070,26906,3661.023,5079.151,138.708,63.977,160
Yoshino,W05:880807:8808070001:吉野川,7,-74040,26927,3661.023,5079.151,138.708,63.977,160
Yoshino,W05:880807:8808070001:吉野川,8,-74024,26957,3661.023,5079.151,138.708,63.977,160
Yoshino,W05:880807:8808070001:吉野川,9,-74010,26985,3661.023,5079.151,138.708,63.977,160
Yoshino,W05:880807:8808070001:吉野川,10,-73985,27018,3661.023,5079.151,138.708,63.977,160
Yoshino,W05:880807:8808070001:吉野川,11,-73951,27063,3661.023,5079.151,138.708,63.977,160
Yoshino,W05:880807:8808070001:吉野川,12,-73912,27101,3661.023,5079.151,138.708,63.977,160
Yoshino,W05:880807:8808070001:吉野川,13,-73872,27137,3661.023,5079.151,138.708,63.977,160
Yoshino,W05:880807:8808070001:吉野川,14,-73842,27147,3661.023,5079.151,138.708,63.977,160
Yoshino,W05:880807:8808070001:吉野川,15,-73792,27184,3661.023,5079.151,138.708,63.977,160
Yoshino,W05:880807:8808070001:吉野川,16,-73744,27167,3661.023,5079.151,138.708,63.977,160
Yoshino,W05:880807:8808070001:吉野川,17,-73681,27160,3661.023,5079.151,138.708,63.977,160
Yoshino,W05:880807:8808070001:吉野川,18,-73657,27148,3661.023,5079.151,138.708,63.977,160
Yoshino,W05:880807:8808070001:吉野川,19,-73580,27149,3661.023,5079.151,138.708,63.977,160
Yoshino,W05:880807:8808070001:吉野川,20,-73516,27143,3661.023,5079.151,138.708,63.977,160
Yoshino,W05:880807:8808070001:吉野川,21,-73452,27175,3661.023,5079.151,138.708,63.977,160
Yoshino,W05:880807:8808070001:吉野川,22,-73402,27165,3661.023,5079.151,138.708,63.977,160
Yoshino,W05:880807:8808070001:吉野川,23,-73355,27161,3661.023,5079.151,138.708,63.977,160
Yoshino,W05:880807:8808070001:吉野川,24,-73319,27147,3661.023,5079.151,138.708,63.977,160
Yoshino,W05:880807:8808070001:吉野川,25,-73275,27164,3661.023,5079.151,138.708,63.977,160
Yoshino,W05:880807:8808070001:吉野川,26,-73260,27168,3661.023,5079.151,138.708,63.977,160
Yoshino,W05:880807:8808070001:吉野川,27,-73219,27176,3661.023,5079.151,138.708,63.977,160
Yoshino,W05:880807:8808070001:吉野川,28,-73179,27182,3661.023,5079.151,138.708,63.977,160
Yoshino,W05:880807:8808070001:吉野川,29,-73077,27173,3661.023,5079.151,138.708,63.977,160
Yoshino,W05:880807:8808070001:吉野川,30,-73062,27175,3661.023,5079.151,138.708,63.977,160
Yoshino,W05:880807:8808070001:吉野川,31,-73007,27219,3661.023,5079.151,138.708,63.977,160
Yoshino,W05:880807:8808070001:吉野川,32,-72990,27222,3661.023,5079.151,138.708,63.977,160
Yoshino,W05:880807:8808070001:吉野川,33,-72938,27220,3661.023,5079.151,138.708,63.977,160
Yoshino,W05:880807:8808070001:吉野川,34,-72907,27197,3661.023,5079.151,138.708,63.977,160
Yoshino,W05:880807:8808070001:吉野川,35,-72851,27174,3661.023,5079.151,138.708,63.977,160
Yoshino,W05:880807:8808070001:吉野川,36,-72793,27152,3661.023,5079.151,138.708,63.977,160
Yoshino,W05:880807:8808070001:吉野川,37,-72723,27114,3661.023,5079.151,138.708,63.977,160
Yoshino,W05:880807:8808070001:吉野川,38,-72692,27062,3661.023,5079.151,138.708,63.977,160
Yoshino,W05:880807:8808070001:吉野川,39,-72700,27000,3661.023,5079.151,138.708,63.977,160
Yoshino,W05:880807:8808070001:吉野川,40,-72705,26952,3661.023,5079.151,138.708,63.977,160
Yoshino,W05:880807:8808070001:吉野川,41,-72706,26926,3661.023,5079.151,138.708,63.977,160
Yoshino,W05:880807:8808070001:吉野川,42,-72722,26859,3661.023,5079.151,138.708,63.977,160
Yoshino,W05:880807:8808070001:吉野川,43,-72752,26767,3661.023,5079.151,138.708,63.977,160
Yoshino,W05:880807:8808070001:吉野川,44,-72724,26699,3661.023,5079.151,138.708,63.977,160
Yoshino,W05:880807:8808070001:吉野川,45,-72670,26632,3661.023,5079.151,138.708,63.977,160
Yoshino,W05:880807:8808070001:吉野川,46,-72628,26558,3661.023,5079.151,138.708,63.977,160
Yoshino,W05:880807:8808070001:吉野川,47,-72598,26510,3661.023,5079.151,138.708,63.977,160
Yoshino,W05:880807:8808070001:吉野川,48,-72586,26494,3661.023,5079.151,138.708,63.977,160
Yoshino,W05:880807:8808070001:吉野川,49,-72557,26466,3661.023,5079.151,138.708,63.977,160
Yoshino,W05:880807:8808070001:吉野川,50,-72525,26422,3661.023,5079.151,138.708,63.977,160
Yoshino,W05:880807:8808070001:吉野川,51,-72488,26363,3661.023,5079.151,138.708,63.977,160
Yoshino,W05:880807:8808070001:吉野川,52,-72427,26322,3661.023,5079.151,138.708,63.977,160
Yoshino,W05:880807:8808070001:吉野川,53,-72323,26257,3661.023,5079.151,138.708,63.977,160
Yoshino,W05:880807:8808070001:吉野川,54,-72305,26209,3661.023,5079.151,138.708,63.977,160
Yoshino,W05:880807:8808070001:吉野川,55,-72278,26187,3661.023,5079.151,138.708,63.977,160
Yoshino,W05:880807:8808070001:吉野川,56,-72213,26206,3661.023,5079.151,138.708,63.977,160
Yoshino,W05:880807:8808070001:吉野川,57,-72169,26208,3661.023,5079.151,138.708,63.977,160
Yoshino,W05:880807:8808070001:吉野川,58,-72105,26235,3661.023,5079.151,138.708,63.977,160
Yoshino,W05:880807:8808070001:吉野川,59,-72057,26289,3661.023,5079.151,138.708,63.977,160
Yoshino,W05:880807:8808070001:吉野川,60,-71973,26315,3661.023,5079.151,138.708,63.977,160
Yoshino,W05:880807:8808070001:吉野川,61,-71901,26310,3661.023,5079.151,138.708,63.977,160
Yoshino,W05:880807:8808070001:吉野川,62,-71846,26353,3661.023,5079.151,138.708,63.977,160
Yoshino,W05:880807:8808070001:吉野川,63,-71790,26361,3661.023,5079.151,138.708,63.977,160
Yoshino,W05:880807:8808070001:吉野川,64,-71712,26337,3661.023,5079.151,138.708,63.977,160
Yoshino,W05:880807:8808070001:吉野川,65,-71644,26363,3661.023,5079.151,138.708,63.977,160
Yoshino,W05:880807:8808070001:吉野川,66,-71633,26363,3661.023,5079.151,138.708,63.977,160
Yoshino,W05:880807:8808070001:吉野川,67,-71581,26340,3661.023,5079.151,138.708,63.977,160
Yoshino,W05:880807:8808070001:吉野川,68,-71443,26354,3661.023,5079.151,138.708,63.977,160
Yoshino,W05:880807:8808070001:吉野川,69,-71406,26421,3661.023,5079.151,138.708,63.977,160
Yoshino,W05:880807:8808070001:吉野川,70,-71376,26437,3661.023,5079.151,138.708,63.977,160
Yoshino,W05:880807:8808070001:吉野川,71,-71267,26410,3661.023,5079.151,138.708,63.977,160
Yoshino,W05:880807:8808070001:吉野川,72,-71210,26423,3661.023,5079.151,138.708,63.977,160
Yoshino,W05:880807:8808070001:吉野川,73,-71119,26445,3661.023,5079.151,138.708,63.977,160
Yoshino,W05:880807:8808070001:吉野川,74,-71044,26419,3661.023,5079.151,138.708,63.977,160
Yoshino,W05:880807:8808070001:吉野川,75,-71010,26332,3661.023,5079.151,138.708,63.977,160
Yoshino,W05:880807:8808070001:吉野川,76,-70949,26289,3661.023,5079.151,138.708,63.977,160
Yoshino,W05:880807:8808070001:吉野川,77,-70890,26319,3661.023,5079.151,138.708,63.977,160
Yoshino,W05:880807:8808070001:吉野川,78,-70837,26377,3661.023,5079.151,138.708,63.977,160
Yoshino,W05:880807:8808070001:吉野川,79,-70777,26402,3661.023,5079.151,138.708,63.977,160
Yoshino,W05:880807:8808070001:吉野川,80,-70748,26435,3661.023,5079.151,138.708,63.977,160
Yoshino,W05:880807:8808070001:吉野川,81,-70721,26533,3661.023,5079.151,138.708,63.977,160
Yoshino,W05:880807:8808070001:吉野川,82,-70697,26604,3661.023,5079.151,138.708,63.977,160
Yoshino,W05:880807:8808070001:吉野川,83,-70646,26643,3661.023,5079.151,138.708,63.977,160
Yoshino,W05:880807:8808070001:吉野川,84,-70623,26645,3661.023,5079.151,138.708,63.977,160
Yoshino,W05:880807:8808070001:吉野川,85,-70583,26676,3661.023,5079.151,138.708,63.977,160
