key,sequence,x,z
Sai|W09:gc01_325,0,-23929,-8610
Sai|W09:gc01_325,1,-23462,-8413
Sai|W09:gc01_325,2,-23453,-8321
Sai|W09:gc01_325,3,-23478,-8231
Sai|W09:gc01_325,4,-23547,-8081
Sai|W09:gc01_325,5,-23679,-7943
Sai|W09:gc01_325,6,-23796,-7936
Sai|W09:gc01_325,7,-23986,-7967
Sai|W09:gc01_325,8,-24033,-7942
Sai|W09:gc01_325,9,-24081,-7887
Sai|W09:gc01_325,10,-24226,-7818
Sai|W09:gc01_325,11,-24252,-7777
Sai|W09:gc01_325,12,-24290,-7606
Sai|W09:gc01_325,13,-24433,-7335
Sai|W09:gc01_325,14,-24391,-7252
Sai|W09:gc01_325,15,-24273,-7161
Sai|W09:gc01_325,16,-24151,-6919
Sai|W09:gc01_325,17,-23908,-6771
Sai|W09:gc01_325,18,-23712,-6684
Sai|W09:gc01_325,19,-23677,-6649
Sai|W09:gc01_325,20,-23662,-6656
Tenryu|W09:gc01_402,0,-21763,7382
Tenryu|W09:gc01_402,1,-21906,7363
Tenryu|W09:gc01_402,2,-21976,7414
Tenryu|W09:gc01_402,3,-22033,7394
Tenryu|W09:gc01_402,4,-22090,7408
Tenryu|W09:gc01_402,5,-22089,7481
Tenryu|W09:gc01_402,6,-22072,7518
Tenryu|W09:gc01_402,7,-22042,7514
Yahagi|W09:gc01_377,0,-26758,6005
Yahagi|W09:gc01_377,1,-26754,6118
Yahagi|W09:gc01_377,2,-26647,6203
Yahagi|W09:gc01_377,3,-26583,6148
Yahagi|W09:gc01_377,4,-26535,6180
Yahagi|W09:gc01_377,5,-26545,6198
Miya|W09:gc01_417,0,-37292,18424
Miya|W09:gc01_417,1,-37522,18063
Miya|W09:gc01_417,2,-37644,18037
Miya|W09:gc01_417,3,-37719,17864
Miya|W09:gc01_417,4,-37792,17848
Miya|W09:gc01_417,5,-38003,17962
Miya|W09:gc01_417,6,-38134,17999
Miya|W09:gc01_417,7,-38298,17990
Miya|W09:gc01_417,8,-38346,18009
Miya|W09:gc01_417,9,-38426,18165
Miya|W09:gc01_417,10,-38498,18253
Miya|W09:gc01_417,11,-38581,18301
Miya|W09:gc01_417,12,-38643,18296
Miya|W09:gc01_417,13,-38796,18379
Miya|W09:gc01_417,14,-38862,18376
Miya|W09:gc01_417,15,-39016,18310
Miya|W09:gc01_417,16,-39057,18323
Miya|W09:gc01_417,17,-39127,18364
Miya|W09:gc01_417,18,-39209,18501
Miya|W09:gc01_417,19,-39289,18553
Miya|W09:gc01_417,20,-39331,18612
Miya|W09:gc01_417,21,-39514,18714
Miya|W09:gc01_417,22,-39539,18711
Miya|W09:gc01_417,23,-39598,18782
Miya|W09:gc01_417,24,-39715,18776
Miya|W09:gc01_417,25,-39896,18811
Miya|W09:gc01_417,26,-39911,18902
Miya|W09:gc01_417,27,-39899,18986
Miya|W09:gc01_417,28,-39979,19216
Miya|W09:gc01_417,29,-40036,19215
Miya|W09:gc01_417,30,-40065,19292
Miya|W09:gc01_417,31,-40047,19318
Miya|W09:gc01_417,32,-40056,19394
Miya|W09:gc01_417,33,-40090,19467
Miya|W09:gc01_417,34,-40200,19511
Miya|W09:gc01_417,35,-40367,19398
Oze|W09:gc01_482,0,-85889,20069
Oze|W09:gc01_482,1,-85936,20091
Ohashi|AUTHORED:Nakaumi,0,-74995,2884
Ohashi|AUTHORED:Nakaumi,1,-74948,2951
