lake_id,lake_name,river_id,river_name,lr12_gate_x,lr12_gate_z,route_shore_x,route_shore_z,physical_contact_x,physical_contact_z,lr12_status
AUTHORED:Akan,Akan,W05:010040:0100400001:阿寒川,阿寒川,49390,-107853,49390,-107853,49390,-107853,PASS
AUTHORED:Biwa,Biwa,W05:860604:8606040001:瀬田川,瀬田川,-43559,10699,-43638,9753,,,REVIEW_CF_REBUILD
AUTHORED:Biwa,Biwa,W05:860604:8606040863:琵琶湖,琵琶湖,-43681,9574,-43696,9524,,,REVIEW_CF_REBUILD
AUTHORED:Chuzenji,Chuzenji,W05:830303:8303030000:中禅寺湖,中禅寺湖,-3060,-14717,-3060,-14717,-3918,-14747,PASS
AUTHORED:Chuzenji,Chuzenji,W05:830303:8303030246:大谷川,大谷川,-1704,-14902,-2989,-14704,,,REVIEW_CF_REBUILD
AUTHORED:Furen,Furen,W05:010037:0100370000:名称不明,名称不明,64311,-105678,64311,-105678,63968,-105810,PASS
AUTHORED:Hamana,Hamana,W05:220081:2200810000:名称不明,名称不明,-24260,13820,-24306,13798,-24301,13579,PASS
AUTHORED:Hamana,Hamana,W05:220081:2200810000:横須賀川,横須賀川,-25130,13384,-25130,13384,,,REVIEW_CF_REBUILD
AUTHORED:Hamana,Hamana,W05:220081:2200810001:都田川,都田川,-24632,13766,-24632,13766,-24552,13854,PASS
AUTHORED:Hamana,Hamana,W05:220081:2200810005:大正川,大正川,-24898,13716,-24898,13716,-24806,13634,PASS
AUTHORED:Hibara,Hibara,W05:840402:8404020258:長瀬川,長瀬川,3676,-27482,3472,-27646,,,REVIEW_CF_REBUILD
AUTHORED:Hibara,Hibara,W05:840402:8404020273:桧原湖,桧原湖,3206,-28404,3206,-28404,3310,-27630,PASS
AUTHORED:Ikeda,Ikeda,W05:460043:4600430001:新川,新川,-104147,62259,-104132,62065,-104128,62058,PASS
AUTHORED:Ikeda,Ikeda,W05:460043:4600430001:池田湖,池田湖,-104128,62058,-104128,62058,-104131,61650,PASS
AUTHORED:Inawashiro,Inawashiro,W05:840402:8404020244:日橋川,日橋川,1650,-26442,2909,-25533,,,REVIEW_CF_REBUILD
AUTHORED:Inawashiro,Inawashiro,W05:840402:8404020254:猪苗代湖,猪苗代湖,2890,-25535,2890,-25535,2889,-25537,PASS
AUTHORED:Jusan,Jusan,W05:820207:8202070002:せばと川,せばと川,6432,-74587,6432,-74587,6345,-74524,PASS
AUTHORED:Kasumigaura,Kasumigaura,W05:830303:8303030028:霞ヶ浦,霞ヶ浦,7240,-4399,7240,-4399,,,REVIEW_CF_REBUILD
AUTHORED:Kawaguchi,Kawaguchi,W05:830307:8303070117:嘯川,嘯川,-11284,2401,-11233,2419,-11236,2418,PASS
AUTHORED:Kawaguchi,Kawaguchi,W05:830307:8303070119:河口湖,河口湖,-11270,2251,-11270,2251,-11271,2252,PASS
AUTHORED:Kitaura,Kitaura,W05:830303:8303030013:北浦,北浦,9567,-3728,9567,-3728,9567,-3729,PASS
AUTHORED:Kussharo,Kussharo,W05:810109:8101090001:釧路川,釧路川,53318,-104677,51673,-109634,,,REVIEW_CF_REBUILD
AUTHORED:Nakaumi,Nakaumi,W05:870704:8707040000:中海,中海,-73764,2740,-73764,2740,-73764,2740,PASS
AUTHORED:Nakaumi,Nakaumi,W05:870704:8707040000:加茂川,加茂川,-72811,3603,-72811,3603,,,REVIEW_CF_REBUILD
AUTHORED:Nakaumi,Nakaumi,W05:870704:8707040000:名称不明,名称不明,-73921,1913,-74051,2037,-74003,2442,PASS
AUTHORED:Nakaumi,Nakaumi,W05:870704:8707040001:大橋川,大橋川,-74614,3034,-74614,3034,,,REVIEW_CF_REBUILD
AUTHORED:Nakaumi,Nakaumi,W05:870704:8707040001:斐伊川,斐伊川,-72997,3487,-72999,3485,,,REVIEW_CF_REBUILD
AUTHORED:Nakaumi,Nakaumi,W05:870704:8707040057:名称不明,名称不明,-74777,2734,-74777,2734,-74761,2749,PASS
AUTHORED:Nojiri,Nojiri,W05:840404:8404040000:名称不明,名称不明,-18397,-16827,-17681,-16099,,,REVIEW_CF_REBUILD
AUTHORED:Ogawara,Ogawara,W05:020000:0200000000:名称不明,名称不明,16718,-68832,17585,-69024,,,REVIEW_CF_REBUILD
AUTHORED:Sai,Sai,W05:190001:1900010000:西湖,西湖,-12135,2490,-12136,2454,-12058,2474,PASS
AUTHORED:Shinji,Shinji,W05:870704:8707040000:名称不明,名称不明,-73921,1913,-76234,2880,,,REVIEW_CF_REBUILD
AUTHORED:Shinji,Shinji,W05:870704:8707040001:大橋川,大橋川,-75900,2986,-75900,2986,-75900,2986,PASS
AUTHORED:Shinji,Shinji,W05:870704:8707040075:四十間堀川,四十間堀川,-75940,2983,-75940,2983,-75940,2983,PASS
AUTHORED:Shinji,Shinji,W05:870704:8707040086:天神川,天神川,-75893,3069,-75893,3069,-75896,3070,PASS
AUTHORED:Shinji,Shinji,W05:870704:8707040119:名称不明,名称不明,-77581,3679,-77581,3679,,,REVIEW_CF_REBUILD
AUTHORED:Shoji,Shoji,W05:190002:1900020001:精進湖,精進湖,-13082,2617,-13082,2617,-13082,2618,PASS
AUTHORED:Suwa,Suwa,W05:850505:8505050000:北村沢川,北村沢川,-19237,-4917,-19223,-4974,-19222,-4975,PASS
AUTHORED:Suwa,Suwa,W05:850505:8505050001:天竜川,天竜川,-18872,-5213,-18872,-5213,-19371,-5177,PASS
AUTHORED:Tazawa,Tazawa,W05:820209:8202090071:田沢湖,田沢湖,9804,-56088,9804,-56088,9805,-56088,PASS
AUTHORED:Towada,Towada,W05:020000:0200000000:名称不明,名称不明,13479,-69011,12739,-67084,,,REVIEW_CF_REBUILD
AUTHORED:Towada,Towada,W05:020075:0200750001:奥入瀬川,奥入瀬川,13347,-66853,13264,-66751,13264,-66751,PASS
AUTHORED:Towada,Towada,W05:020075:0200750032:十和田湖,十和田湖,13095,-66650,13095,-66650,13234,-66413,PASS
AUTHORED:Towada,Towada,W05:050000:0500000000:名称不明,名称不明,4298,-57740,12410,-65903,,,REVIEW_CF_REBUILD
AUTHORED:Towada,Towada,W05:050000:0500000000:神田川,神田川,12690,-65986,12690,-65986,12715,-65999,PASS
AUTHORED:Toya,Toya,W05:010098:0100980002:壮瞥川,壮瞥川,12379,-96863,12379,-96863,12313,-96442,PASS
AUTHORED:Yamanaka,Yamanaka,W05:830307:8303070147:山中湖,山中湖,-10154,3645,-10228,3708,-10341,3519,PASS
W09:gc01_105,パンケトー,W05:010040:0100400000:イベシベツ,イベシベツ,49608,-108642,49608,-108642,49608,-108642,PASS
W09:gc01_119,宇曽利山湖,W05:020067:0200670003:宇曽利山湖,宇曽利山湖,14931,-78439,14931,-78439,15021,-78545,PASS
W09:gc01_141,鷹架沼,W05:020000:0200000000:名称不明,名称不明,16718,-68832,17840,-73232,,,REVIEW_CF_REBUILD
W09:gc01_150,岩洞湖,W05:820204:8202040000:名称不明,名称不明,18449,-57318,17974,-57376,17963,-57534,PASS
W09:gc01_158,長沼,W05:820204:8202040021:長沼川,長沼川,15712,-42124,15643,-42082,,,REVIEW_CF_REBUILD
W09:gc01_160,七ヶ宿湖,W05:820201:8202010000:七ヶ宿湖,七ヶ宿湖,8054,-31999,8054,-31999,,,REVIEW_CF_REBUILD
W09:gc01_169,太平湖,W05:820208:8202080000:名称不明,名称不明,13101,-65086,9763,-60954,,,REVIEW_CF_REBUILD
W09:gc01_180,月山湖,W05:820211:8202110000:名称不明,名称不明,7453,-33753,3195,-38299,,,REVIEW_CF_REBUILD
W09:gc01_191,尾瀬沼,W05:830303:8303030000:尾瀬沼,尾瀬沼,-5303,-17403,-5341,-17411,-5334,-17410,PASS
W09:gc01_191,尾瀬沼,W05:840402:8404020000:名称不明,名称不明,-5877,-20535,-5095,-17387,,,REVIEW_CF_REBUILD
W09:gc01_191,尾瀬沼,W05:840402:8404020223:尾瀬沼,尾瀬沼,-5353,-17441,-5353,-17441,-5352,-17441,PASS
W09:gc01_193,奥只見湖,W05:840402:8404020000:名称不明,名称不明,-5877,-20535,-5877,-20535,,,REVIEW_CF_REBUILD
W09:gc01_194,田子倉湖,W05:840402:8404020000:名称不明,名称不明,-5877,-20535,-6470,-21699,,,REVIEW_CF_REBUILD
W09:gc01_197,秋元湖,W05:840402:8404020267:秋元湖,秋元湖,4052,-27489,4052,-27489,3896,-27451,PASS
W09:gc01_198,小野川湖,W05:840402:8404020272:小野川湖,小野川湖,3611,-27626,3611,-27626,,,REVIEW_CF_REBUILD
W09:gc01_206,牛久沼,W05:830303:8303030000:江川,江川,4124,-3671,4124,-3671,4162,-3624,PASS
W09:gc01_211,外浪逆浦,W05:830303:8303030000:外浪逆浦,外浪逆浦,9297,-3124,9297,-3124,,,REVIEW_CF_REBUILD
W09:gc01_211,外浪逆浦,W05:830303:8303030027:与田浦川,与田浦川,9160,-3133,9297,-3124,,,REVIEW_CF_REBUILD
W09:gc01_233,神流湖,W05:830303:8303030000:大栃沢,大栃沢,-8739,-6175,-8739,-6176,-8769,-6175,PASS
W09:gc01_233,神流湖,W05:830303:8303030000:神流川,神流川,-8742,-6174,-8742,-6174,,,REVIEW_CF_REBUILD
W09:gc01_233,神流湖,W05:830303:8303030696:神流川,神流川,-8916,-6052,-8770,-6133,,,REVIEW_CF_REBUILD
W09:gc01_247,秩父さくら湖,W05:830304:8303040000:名称不明,名称不明,-6378,-6328,-8210,-3997,,,REVIEW_CF_REBUILD
W09:gc01_266,奥多摩湖,W05:830305:8303050000:小袖川,小袖川,-8827,-1398,-8827,-1398,-8825,-1386,PASS
W09:gc01_266,奥多摩湖,W05:830305:8303050001:多摩川,多摩川,-8907,-1369,-8907,-1369,-8837,-1379,PASS
W09:gc01_268,丹沢湖,W05:140019:1400190000:名称不明,名称不明,-8922,4519,-8797,3731,,,REVIEW_CF_REBUILD
W09:gc01_268,丹沢湖,W05:140019:1400190018:世附川,世附川,-8443,3755,-8443,3755,-8512,3787,PASS
W09:gc01_289,桂湖,W05:840409:8404090000:桂湖,桂湖,-33132,-9296,-33132,-9296,,,REVIEW_CF_REBUILD
W09:gc01_289,桂湖,W05:840409:8404090019:境川,境川,-33171,-8711,-33132,-8879,-33122,-8902,PASS
W09:gc01_291,河北潟,W05:170007:1700070001:大野川,大野川,-35177,-13462,-35177,-13462,-35177,-13462,PASS
W09:gc01_291,河北潟,W05:170007:1700070007:河北潟放水路,河北潟放水路,-35310,-13698,-35310,-13698,,,REVIEW_CF_REBUILD
W09:gc01_296,北潟湖,W05:170001:1700010002:北潟湖,北潟湖,-39769,-8500,-39771,-8503,-39904,-8148,PASS
W09:gc01_296,北潟湖,W05:180000:1800000000:名称不明,名称不明,-41374,-5929,-39973,-8007,,,REVIEW_CF_REBUILD
W09:gc01_304,久々子湖(三方五湖),W05:180008:1800080001:早瀬川,早瀬川,-43626,905,-43626,905,-43626,905,PASS
W09:gc01_305,水月湖(三方五湖),W05:180000:1800000000:名称不明,名称不明,-43844,1159,-43844,1159,-43844,1159,PASS
W09:gc01_305,水月湖(三方五湖),W05:180008:1800080005:水月湖,水月湖,-43919,1278,-43919,1278,-43764,1259,PASS
W09:gc01_325,梓湖,W05:840403:8404030705:犀川,犀川,-24252,-7777,-23677,-6649,,,REVIEW_CF_REBUILD
W09:gc01_331,木崎湖,W05:840403:8404030000:木崎湖,木崎湖,-21757,-12000,-21757,-12000,-21757,-12000,PASS
W09:gc01_331,木崎湖,W05:840403:8404030856:農具川,農具川,-21743,-12003,-21743,-12003,-21743,-12003,PASS
W09:gc01_369,阿木川湖,W05:850509:8505090332:湯壺川,湯壺川,-26389,3726,-26389,3726,,,REVIEW_CF_REBUILD
W09:gc01_377,奥矢作湖,W05:850507:8505070000:名称不明,名称不明,-24091,4573,-26081,6221,,,REVIEW_CF_REBUILD
W09:gc01_377,奥矢作湖,W05:850507:8505070001:矢作川,矢作川,-24828,5926,-26149,6133,,,REVIEW_CF_REBUILD
W09:gc01_388,井川湖,W05:850503:8505030000:名称不明,名称不明,-17432,677,-17226,6050,,,REVIEW_CF_REBUILD
W09:gc01_389,畑薙湖,W05:850503:8505030000:名称不明,名称不明,-17432,677,-17854,4454,,,REVIEW_CF_REBUILD
W09:gc01_392,佐鳴湖,W05:220081:2200810000:名称不明,名称不明,-24260,13820,-23500,13553,,,REVIEW_CF_REBUILD
W09:gc01_402,佐久間湖,W05:850505:8505050000:名称不明,名称不明,-22094,7477,-22094,7477,-22111,7500,PASS
W09:gc01_402,佐久間湖,W05:850505:8505050001:天竜川,天竜川,-22121,7569,-22121,7569,-22079,7462,PASS
W09:gc01_408,鳳来湖,W05:850506:8505060000:名称不明,名称不明,-24391,7394,-24145,9035,,,REVIEW_CF_REBUILD
W09:gc01_417,宮川貯水池,W05:850513:8505130001:宮川,宮川,-41054,21021,-40590,20201,,,REVIEW_CF_REBUILD
W09:gc01_417,宮川貯水池,W05:850513:8505130001:宮川貯水池,宮川貯水池,-40509,19200,-40509,19200,-40509,19200,PASS
W09:gc01_424,余呉湖,W05:860604:8606040991:余呉湖放水路,余呉湖放水路,-40330,2203,-40330,2203,-40330,2203,PASS
W09:gc01_424,余呉湖,W05:860604:8606040993:余呉湖,余呉湖,-40330,2203,-40330,2203,-40330,2203,PASS
W09:gc01_428,虹の湖,W05:860609:8606090000:名称不明,名称不明,-50778,7206,-48694,5849,,,REVIEW_CF_REBUILD
W09:gc01_454,湖山池,W05:870701:8707010000:名称不明,名称不明,-62978,2109,-63163,2373,,,REVIEW_CF_REBUILD
W09:gc01_457,東郷池,W05:310028:3100280000:名称不明,名称不明,-66562,2552,-66562,2552,-66540,2863,PASS
W09:gc01_466,児島湖,W05:330009:3300090000:児島湖,児島湖,-65816,15216,-65816,15216,-65747,15173,PASS
W09:gc01_469,備中湖,W05:870711:8707110092:成羽川,成羽川,-72165,11802,-72165,11802,-71962,11944,PASS
W09:gc01_472,湯原湖,W05:870712:8707120000:名称不明,名称不明,-69773,4824,-68596,6159,,,REVIEW_CF_REBUILD
W09:gc01_482,弥栄湖,W05:870708:8707080001:小瀬川,小瀬川,-85578,20551,-86017,20206,,,REVIEW_CF_REBUILD
W09:gc01_517,魚梁瀬貯水池,W05:390025:3900250000:名称不明,名称不明,-63912,30315,-63990,29107,,,REVIEW_CF_REBUILD
W09:gc01_554,福上湖,W05:470000:4700000000:福上湖,福上湖,-130861,125575,-130861,125575,,,REVIEW_CF_REBUILD
