river,lake,outlet_river_id,target_river_id,seq,x,z,graph_radius,route_length,max_chord,target_entry_seq,entity_chain
Sagami,Yamanaka,W05:830307:8303070147:山中湖,W05:830307:8303070001:相模川,0,-10228,3708,112,9023.096,111.517,6,W05:830307:8303070147:山中湖>W05:830307:8303070001:相模川
Sagami,Yamanaka,W05:830307:8303070147:山中湖,W05:830307:8303070001:相模川,1,-10168,3661,112,9023.096,111.517,6,W05:830307:8303070147:山中湖>W05:830307:8303070001:相模川
Sagami,Yamanaka,W05:830307:8303070147:山中湖,W05:830307:8303070001:相模川,2,-10154,3645,112,9023.096,111.517,6,W05:830307:8303070147:山中湖>W05:830307:8303070001:相模川
Sagami,Yamanaka,W05:830307:8303070147:山中湖,W05:830307:8303070001:相模川,3,-10179,3636,112,9023.096,111.517,6,W05:830307:8303070147:山中湖>W05:830307:8303070001:相模川
Sagami,Yamanaka,W05:830307:8303070147:山中湖,W05:830307:8303070001:相模川,4,-10271,3579,112,9023.096,111.517,6,W05:830307:8303070147:山中湖>W05:830307:8303070001:相模川
Sagami,Yamanaka,W05:830307:8303070147:山中湖,W05:830307:8303070001:相模川,5,-10299,3560,112,9023.096,111.517,6,W05:830307:8303070147:山中湖>W05:830307:8303070001:相模川
Sagami,Yamanaka,W05:830307:8303070147:山中湖,W05:830307:8303070001:相模川,6,-10343,3517,112,9023.096,111.517,6,W05:830307:8303070147:山中湖>W05:830307:8303070001:相模川
Sagami,Yamanaka,W05:830307:8303070147:山中湖,W05:830307:8303070001:相模川,7,-10354,3489,112,9023.096,111.517,6,W05:830307:8303070147:山中湖>W05:830307:8303070001:相模川
Sagami,Yamanaka,W05:830307:8303070147:山中湖,W05:830307:8303070001:相模川,8,-10382,3438,112,9023.096,111.517,6,W05:830307:8303070147:山中湖>W05:830307:8303070001:相模川
Sagami,Yamanaka,W05:830307:8303070147:山中湖,W05:830307:8303070001:相模川,9,-10386,3396,112,9023.096,111.517,6,W05:830307:8303070147:山中湖>W05:830307:8303070001:相模川
Sagami,Yamanaka,W05:830307:8303070147:山中湖,W05:830307:8303070001:相模川,10,-10378,3384,112,9023.096,111.517,6,W05:830307:8303070147:山中湖>W05:830307:8303070001:相模川
Sagami,Yamanaka,W05:830307:8303070147:山中湖,W05:830307:8303070001:相模川,11,-10355,3369,112,9023.096,111.517,6,W05:830307:8303070147:山中湖>W05:830307:8303070001:相模川
Sagami,Yamanaka,W05:830307:8303070147:山中湖,W05:830307:8303070001:相模川,12,-10344,3344,112,9023.096,111.517,6,W05:830307:8303070147:山中湖>W05:830307:8303070001:相模川
Sagami,Yamanaka,W05:830307:8303070147:山中湖,W05:830307:8303070001:相模川,13,-10353,3318,112,9023.096,111.517,6,W05:830307:8303070147:山中湖>W05:830307:8303070001:相模川
Sagami,Yamanaka,W05:830307:8303070147:山中湖,W05:830307:8303070001:相模川,14,-10396,3289,112,9023.096,111.517,6,W05:830307:8303070147:山中湖>W05:830307:8303070001:相模川
Sagami,Yamanaka,W05:830307:8303070147:山中湖,W05:830307:8303070001:相模川,15,-10399,3255,112,9023.096,111.517,6,W05:830307:8303070147:山中湖>W05:830307:8303070001:相模川
Sagami,Yamanaka,W05:830307:8303070147:山中湖,W05:830307:8303070001:相模川,16,-10419,3221,112,9023.096,111.517,6,W05:830307:8303070147:山中湖>W05:830307:8303070001:相模川
Sagami,Yamanaka,W05:830307:8303070147:山中湖,W05:830307:8303070001:相模川,17,-10431,3198,112,9023.096,111.517,6,W05:830307:8303070147:山中湖>W05:830307:8303070001:相模川
Sagami,Yamanaka,W05:830307:8303070147:山中湖,W05:830307:8303070001:相模川,18,-10447,3173,112,9023.096,111.517,6,W05:830307:8303070147:山中湖>W05:830307:8303070001:相模川
Sagami,Yamanaka,W05:830307:8303070147:山中湖,W05:830307:8303070001:相模川,19,-10466,3146,112,9023.096,111.517,6,W05:830307:8303070147:山中湖>W05:830307:8303070001:相模川
Sagami,Yamanaka,W05:830307:8303070147:山中湖,W05:830307:8303070001:相模川,20,-10500,3133,112,9023.096,111.517,6,W05:830307:8303070147:山中湖>W05:830307:8303070001:相模川
Sagami,Yamanaka,W05:830307:8303070147:山中湖,W05:830307:8303070001:相模川,21,-10562,3134,112,9023.096,111.517,6,W05:830307:8303070147:山中湖>W05:830307:8303070001:相模川
Sagami,Yamanaka,W05:830307:8303070147:山中湖,W05:830307:8303070001:相模川,22,-10588,3116,112,9023.096,111.517,6,W05:830307:8303070147:山中湖>W05:830307:8303070001:相模川
Sagami,Yamanaka,W05:830307:8303070147:山中湖,W05:830307:8303070001:相模川,23,-10625,3124,112,9023.096,111.517,6,W05:830307:8303070147:山中湖>W05:830307:8303070001:相模川
Sagami,Yamanaka,W05:830307:8303070147:山中湖,W05:830307:8303070001:相模川,24,-10651,3128,112,9023.096,111.517,6,W05:830307:8303070147:山中湖>W05:830307:8303070001:相模川
Sagami,Yamanaka,W05:830307:8303070147:山中湖,W05:830307:8303070001:相模川,25,-10669,3128,112,9023.096,111.517,6,W05:830307:8303070147:山中湖>W05:830307:8303070001:相模川
Sagami,Yamanaka,W05:830307:8303070147:山中湖,W05:830307:8303070001:相模川,26,-10696,3140,112,9023.096,111.517,6,W05:830307:8303070147:山中湖>W05:830307:8303070001:相模川
Sagami,Yamanaka,W05:830307:8303070147:山中湖,W05:830307:8303070001:相模川,27,-10732,3147,112,9023.096,111.517,6,W05:830307:8303070147:山中湖>W05:830307:8303070001:相模川
Sagami,Yamanaka,W05:830307:8303070147:山中湖,W05:830307:8303070001:相模川,28,-10744,3153,112,9023.096,111.517,6,W05:830307:8303070147:山中湖>W05:830307:8303070001:相模川
Sagami,Yamanaka,W05:830307:8303070147:山中湖,W05:830307:8303070001:相模川,29,-10785,3162,112,9023.096,111.517,6,W05:830307:8303070147:山中湖>W05:830307:8303070001:相模川
Sagami,Yamanaka,W05:830307:8303070147:山中湖,W05:830307:8303070001:相模川,30,-10811,3129,112,9023.096,111.517,6,W05:830307:8303070147:山中湖>W05:830307:8303070001:相模川
Sagami,Yamanaka,W05:830307:8303070147:山中湖,W05:830307:8303070001:相模川,31,-10815,3123,112,9023.096,111.517,6,W05:830307:8303070147:山中湖>W05:830307:8303070001:相模川
Sagami,Yamanaka,W05:830307:8303070147:山中湖,W05:830307:8303070001:相模川,32,-10797,3064,112,9023.096,111.517,6,W05:830307:8303070147:山中湖>W05:830307:8303070001:相模川
Sagami,Yamanaka,W05:830307:8303070147:山中湖,W05:830307:8303070001:相模川,33,-10787,3028,112,9023.096,111.517,6,W05:830307:8303070147:山中湖>W05:830307:8303070001:相模川
Sagami,Yamanaka,W05:830307:8303070147:山中湖,W05:830307:8303070001:相模川,34,-10769,2990,112,9023.096,111.517,6,W05:830307:8303070147:山中湖>W05:830307:8303070001:相模川
Sagami,Yamanaka,W05:830307:8303070147:山中湖,W05:830307:8303070001:相模川,35,-10772,2944,112,9023.096,111.517,6,W05:830307:8303070147:山中湖>W05:830307:8303070001:相模川
Sagami,Yamanaka,W05:830307:8303070147:山中湖,W05:830307:8303070001:相模川,36,-10764,2887,112,9023.096,111.517,6,W05:830307:8303070147:山中湖>W05:830307:8303070001:相模川
Sagami,Yamanaka,W05:830307:8303070147:山中湖,W05:830307:8303070001:相模川,37,-10757,2866,112,9023.096,111.517,6,W05:830307:8303070147:山中湖>W05:830307:8303070001:相模川
Sagami,Yamanaka,W05:830307:8303070147:山中湖,W05:830307:8303070001:相模川,38,-10772,2784,112,9023.096,111.517,6,W05:830307:8303070147:山中湖>W05:830307:8303070001:相模川
Sagami,Yamanaka,W05:830307:8303070147:山中湖,W05:830307:8303070001:相模川,39,-10767,2738,112,9023.096,111.517,6,W05:830307:8303070147:山中湖>W05:830307:8303070001:相模川
Sagami,Yamanaka,W05:830307:8303070147:山中湖,W05:830307:8303070001:相模川,40,-10762,2703,112,9023.096,111.517,6,W05:830307:8303070147:山中湖>W05:830307:8303070001:相模川
Sagami,Yamanaka,W05:830307:8303070147:山中湖,W05:830307:8303070001:相模川,41,-10743,2667,112,9023.096,111.517,6,W05:830307:8303070147:山中湖>W05:830307:8303070001:相模川
Sagami,Yamanaka,W05:830307:8303070147:山中湖,W05:830307:8303070001:相模川,42,-10744,2655,112,9023.096,111.517,6,W05:830307:8303070147:山中湖>W05:830307:8303070001:相模川
Sagami,Yamanaka,W05:830307:8303070147:山中湖,W05:830307:8303070001:相模川,43,-10731,2601,112,9023.096,111.517,6,W05:830307:8303070147:山中湖>W05:830307:8303070001:相模川
Sagami,Yamanaka,W05:830307:8303070147:山中湖,W05:830307:8303070001:相模川,44,-10686,2554,112,9023.096,111.517,6,W05:830307:8303070147:山中湖>W05:830307:8303070001:相模川
Sagami,Yamanaka,W05:830307:8303070147:山中湖,W05:830307:8303070001:相模川,45,-10666,2503,112,9023.096,111.517,6,W05:830307:8303070147:山中湖>W05:830307:8303070001:相模川
Sagami,Yamanaka,W05:830307:8303070147:山中湖,W05:830307:8303070001:相模川,46,-10650,2460,112,9023.096,111.517,6,W05:830307:8303070147:山中湖>W05:830307:8303070001:相模川
Sagami,Yamanaka,W05:830307:8303070147:山中湖,W05:830307:8303070001:相模川,47,-10637,2446,112,9023.096,111.517,6,W05:830307:8303070147:山中湖>W05:830307:8303070001:相模川
Sagami,Yamanaka,W05:830307:8303070147:山中湖,W05:830307:8303070001:相模川,48,-10601,2441,112,9023.096,111.517,6,W05:830307:8303070147:山中湖>W05:830307:8303070001:相模川
Sagami,Yamanaka,W05:830307:8303070147:山中湖,W05:830307:8303070001:相模川,49,-10585,2435,112,9023.096,111.517,6,W05:830307:8303070147:山中湖>W05:830307:8303070001:相模川
Sagami,Yamanaka,W05:830307:8303070147:山中湖,W05:830307:8303070001:相模川,50,-10562,2412,112,9023.096,111.517,6,W05:830307:8303070147:山中湖>W05:830307:8303070001:相模川
Sagami,Yamanaka,W05:830307:8303070147:山中湖,W05:830307:8303070001:相模川,51,-10539,2374,112,9023.096,111.517,6,W05:830307:8303070147:山中湖>W05:830307:8303070001:相模川
Sagami,Yamanaka,W05:830307:8303070147:山中湖,W05:830307:8303070001:相模川,52,-10533,2356,112,9023.096,111.517,6,W05:830307:8303070147:山中湖>W05:830307:8303070001:相模川
Sagami,Yamanaka,W05:830307:8303070147:山中湖,W05:830307:8303070001:相模川,53,-10516,2333,112,9023.096,111.517,6,W05:830307:8303070147:山中湖>W05:830307:8303070001:相模川
Sagami,Yamanaka,W05:830307:8303070147:山中湖,W05:830307:8303070001:相模川,54,-10507,2320,112,9023.096,111.517,6,W05:830307:8303070147:山中湖>W05:830307:8303070001:相模川
Sagami,Yamanaka,W05:830307:8303070147:山中湖,W05:830307:8303070001:相模川,55,-10462,2294,112,9023.096,111.517,6,W05:830307:8303070147:山中湖>W05:830307:8303070001:相模川
Sagami,Yamanaka,W05:830307:8303070147:山中湖,W05:830307:8303070001:相模川,56,-10433,2260,112,9023.096,111.517,6,W05:830307:8303070147:山中湖>W05:830307:8303070001:相模川
Sagami,Yamanaka,W05:830307:8303070147:山中湖,W05:830307:8303070001:相模川,57,-10411,2235,112,9023.096,111.517,6,W05:830307:8303070147:山中湖>W05:830307:8303070001:相模川
Sagami,Yamanaka,W05:830307:8303070147:山中湖,W05:830307:8303070001:相模川,58,-10396,2213,112,9023.096,111.517,6,W05:830307:8303070147:山中湖>W05:830307:8303070001:相模川
Sagami,Yamanaka,W05:830307:8303070147:山中湖,W05:830307:8303070001:相模川,59,-10363,2188,112,9023.096,111.517,6,W05:830307:8303070147:山中湖>W05:830307:8303070001:相模川
Sagami,Yamanaka,W05:830307:8303070147:山中湖,W05:830307:8303070001:相模川,60,-10315,2145,112,9023.096,111.517,6,W05:830307:8303070147:山中湖>W05:830307:8303070001:相模川
Sagami,Yamanaka,W05:830307:8303070147:山中湖,W05:830307:8303070001:相模川,61,-10296,2146,112,9023.096,111.517,6,W05:830307:8303070147:山中湖>W05:830307:8303070001:相模川
Sagami,Yamanaka,W05:830307:8303070147:山中湖,W05:830307:8303070001:相模川,62,-10204,2108,112,9023.096,111.517,6,W05:830307:8303070147:山中湖>W05:830307:8303070001:相模川
Sagami,Yamanaka,W05:830307:8303070147:山中湖,W05:830307:8303070001:相模川,63,-10154,2105,112,9023.096,111.517,6,W05:830307:8303070147:山中湖>W05:830307:8303070001:相模川
Sagami,Yamanaka,W05:830307:8303070147:山中湖,W05:830307:8303070001:相模川,64,-10133,2074,112,9023.096,111.517,6,W05:830307:8303070147:山中湖>W05:830307:8303070001:相模川
Sagami,Yamanaka,W05:830307:8303070147:山中湖,W05:830307:8303070001:相模川,65,-10093,2061,112,9023.096,111.517,6,W05:830307:8303070147:山中湖>W05:830307:8303070001:相模川
Sagami,Yamanaka,W05:830307:8303070147:山中湖,W05:830307:8303070001:相模川,66,-10046,2027,112,9023.096,111.517,6,W05:830307:8303070147:山中湖>W05:830307:8303070001:相模川
Sagami,Yamanaka,W05:830307:8303070147:山中湖,W05:830307:8303070001:相模川,67,-10037,2023,112,9023.096,111.517,6,W05:830307:8303070147:山中湖>W05:830307:8303070001:相模川
Sagami,Yamanaka,W05:830307:8303070147:山中湖,W05:830307:8303070001:相模川,68,-10004,2008,112,9023.096,111.517,6,W05:830307:8303070147:山中湖>W05:830307:8303070001:相模川
Sagami,Yamanaka,W05:830307:8303070147:山中湖,W05:830307:8303070001:相模川,69,-9979,1992,112,9023.096,111.517,6,W05:830307:8303070147:山中湖>W05:830307:8303070001:相模川
Sagami,Yamanaka,W05:830307:8303070147:山中湖,W05:830307:8303070001:相模川,70,-9966,1987,112,9023.096,111.517,6,W05:830307:8303070147:山中湖>W05:830307:8303070001:相模川
Sagami,Yamanaka,W05:830307:8303070147:山中湖,W05:830307:8303070001:相模川,71,-9938,1986,112,9023.096,111.517,6,W05:830307:8303070147:山中湖>W05:830307:8303070001:相模川
Sagami,Yamanaka,W05:830307:8303070147:山中湖,W05:830307:8303070001:相模川,72,-9888,1935,112,9023.096,111.517,6,W05:830307:8303070147:山中湖>W05:830307:8303070001:相模川
Sagami,Yamanaka,W05:830307:8303070147:山中湖,W05:830307:8303070001:相模川,73,-9852,1904,112,9023.096,111.517,6,W05:830307:8303070147:山中湖>W05:830307:8303070001:相模川
Sagami,Yamanaka,W05:830307:8303070147:山中湖,W05:830307:8303070001:相模川,74,-9824,1882,112,9023.096,111.517,6,W05:830307:8303070147:山中湖>W05:830307:8303070001:相模川
Sagami,Yamanaka,W05:830307:8303070147:山中湖,W05:830307:8303070001:相模川,75,-9788,1851,112,9023.096,111.517,6,W05:830307:8303070147:山中湖>W05:830307:8303070001:相模川
Sagami,Yamanaka,W05:830307:8303070147:山中湖,W05:830307:8303070001:相模川,76,-9772,1823,112,9023.096,111.517,6,W05:830307:8303070147:山中湖>W05:830307:8303070001:相模川
Sagami,Yamanaka,W05:830307:8303070147:山中湖,W05:830307:8303070001:相模川,77,-9746,1795,112,9023.096,111.517,6,W05:830307:8303070147:山中湖>W05:830307:8303070001:相模川
Sagami,Yamanaka,W05:830307:8303070147:山中湖,W05:830307:8303070001:相模川,78,-9740,1743,112,9023.096,111.517,6,W05:830307:8303070147:山中湖>W05:830307:8303070001:相模川
Sagami,Yamanaka,W05:830307:8303070147:山中湖,W05:830307:8303070001:相模川,79,-9747,1724,112,9023.096,111.517,6,W05:830307:8303070147:山中湖>W05:830307:8303070001:相模川
Sagami,Yamanaka,W05:830307:8303070147:山中湖,W05:830307:8303070001:相模川,80,-9759,1696,112,9023.096,111.517,6,W05:830307:8303070147:山中湖>W05:830307:8303070001:相模川
Sagami,Yamanaka,W05:830307:8303070147:山中湖,W05:830307:8303070001:相模川,81,-9738,1635,112,9023.096,111.517,6,W05:830307:8303070147:山中湖>W05:830307:8303070001:相模川
Sagami,Yamanaka,W05:830307:8303070147:山中湖,W05:830307:8303070001:相模川,82,-9709,1615,112,9023.096,111.517,6,W05:830307:8303070147:山中湖>W05:830307:8303070001:相模川
Sagami,Yamanaka,W05:830307:8303070147:山中湖,W05:830307:8303070001:相模川,83,-9702,1611,112,9023.096,111.517,6,W05:830307:8303070147:山中湖>W05:830307:8303070001:相模川
Sagami,Yamanaka,W05:830307:8303070147:山中湖,W05:830307:8303070001:相模川,84,-9668,1583,112,9023.096,111.517,6,W05:830307:8303070147:山中湖>W05:830307:8303070001:相模川
Sagami,Yamanaka,W05:830307:8303070147:山中湖,W05:830307:8303070001:相模川,85,-9652,1570,112,9023.096,111.517,6,W05:830307:8303070147:山中湖>W05:830307:8303070001:相模川
Sagami,Yamanaka,W05:830307:8303070147:山中湖,W05:830307:8303070001:相模川,86,-9633,1545,112,9023.096,111.517,6,W05:830307:8303070147:山中湖>W05:830307:8303070001:相模川
Sagami,Yamanaka,W05:830307:8303070147:山中湖,W05:830307:8303070001:相模川,87,-9617,1501,112,9023.096,111.517,6,W05:830307:8303070147:山中湖>W05:830307:8303070001:相模川
Sagami,Yamanaka,W05:830307:8303070147:山中湖,W05:830307:8303070001:相模川,88,-9608,1492,112,9023.096,111.517,6,W05:830307:8303070147:山中湖>W05:830307:8303070001:相模川
Sagami,Yamanaka,W05:830307:8303070147:山中湖,W05:830307:8303070001:相模川,89,-9548,1466,112,9023.096,111.517,6,W05:830307:8303070147:山中湖>W05:830307:8303070001:相模川
Sagami,Yamanaka,W05:830307:8303070147:山中湖,W05:830307:8303070001:相模川,90,-9525,1472,112,9023.096,111.517,6,W05:830307:8303070147:山中湖>W05:830307:8303070001:相模川
Sagami,Yamanaka,W05:830307:8303070147:山中湖,W05:830307:8303070001:相模川,91,-9459,1429,112,9023.096,111.517,6,W05:830307:8303070147:山中湖>W05:830307:8303070001:相模川
Sagami,Yamanaka,W05:830307:8303070147:山中湖,W05:830307:8303070001:相模川,92,-9411,1406,112,9023.096,111.517,6,W05:830307:8303070147:山中湖>W05:830307:8303070001:相模川
Sagami,Yamanaka,W05:830307:8303070147:山中湖,W05:830307:8303070001:相模川,93,-9388,1385,112,9023.096,111.517,6,W05:830307:8303070147:山中湖>W05:830307:8303070001:相模川
Sagami,Yamanaka,W05:830307:8303070147:山中湖,W05:830307:8303070001:相模川,94,-9392,1330,112,9023.096,111.517,6,W05:830307:8303070147:山中湖>W05:830307:8303070001:相模川
Sagami,Yamanaka,W05:830307:8303070147:山中湖,W05:830307:8303070001:相模川,95,-9430,1307,112,9023.096,111.517,6,W05:830307:8303070147:山中湖>W05:830307:8303070001:相模川
Sagami,Yamanaka,W05:830307:8303070147:山中湖,W05:830307:8303070001:相模川,96,-9456,1293,112,9023.096,111.517,6,W05:830307:8303070147:山中湖>W05:830307:8303070001:相模川
Sagami,Yamanaka,W05:830307:8303070147:山中湖,W05:830307:8303070001:相模川,97,-9468,1276,112,9023.096,111.517,6,W05:830307:8303070147:山中湖>W05:830307:8303070001:相模川
Sagami,Yamanaka,W05:830307:8303070147:山中湖,W05:830307:8303070001:相模川,98,-9476,1251,112,9023.096,111.517,6,W05:830307:8303070147:山中湖>W05:830307:8303070001:相模川
Sagami,Yamanaka,W05:830307:8303070147:山中湖,W05:830307:8303070001:相模川,99,-9499,1219,112,9023.096,111.517,6,W05:830307:8303070147:山中湖>W05:830307:8303070001:相模川
Sagami,Yamanaka,W05:830307:8303070147:山中湖,W05:830307:8303070001:相模川,100,-9498,1199,112,9023.096,111.517,6,W05:830307:8303070147:山中湖>W05:830307:8303070001:相模川
Sagami,Yamanaka,W05:830307:8303070147:山中湖,W05:830307:8303070001:相模川,101,-9492,1177,112,9023.096,111.517,6,W05:830307:8303070147:山中湖>W05:830307:8303070001:相模川
Sagami,Yamanaka,W05:830307:8303070147:山中湖,W05:830307:8303070001:相模川,102,-9483,1141,112,9023.096,111.517,6,W05:830307:8303070147:山中湖>W05:830307:8303070001:相模川
Sagami,Yamanaka,W05:830307:8303070147:山中湖,W05:830307:8303070001:相模川,103,-9460,1111,112,9023.096,111.517,6,W05:830307:8303070147:山中湖>W05:830307:8303070001:相模川
Sagami,Yamanaka,W05:830307:8303070147:山中湖,W05:830307:8303070001:相模川,104,-9440,1108,112,9023.096,111.517,6,W05:830307:8303070147:山中湖>W05:830307:8303070001:相模川
Sagami,Yamanaka,W05:830307:8303070147:山中湖,W05:830307:8303070001:相模川,105,-9414,1096,112,9023.096,111.517,6,W05:830307:8303070147:山中湖>W05:830307:8303070001:相模川
Sagami,Yamanaka,W05:830307:8303070147:山中湖,W05:830307:8303070001:相模川,106,-9402,1081,112,9023.096,111.517,6,W05:830307:8303070147:山中湖>W05:830307:8303070001:相模川
Sagami,Yamanaka,W05:830307:8303070147:山中湖,W05:830307:8303070001:相模川,107,-9380,1013,112,9023.096,111.517,6,W05:830307:8303070147:山中湖>W05:830307:8303070001:相模川
Sagami,Yamanaka,W05:830307:8303070147:山中湖,W05:830307:8303070001:相模川,108,-9372,962,112,9023.096,111.517,6,W05:830307:8303070147:山中湖>W05:830307:8303070001:相模川
Sagami,Yamanaka,W05:830307:8303070147:山中湖,W05:830307:8303070001:相模川,109,-9363,937,112,9023.096,111.517,6,W05:830307:8303070147:山中湖>W05:830307:8303070001:相模川
Sagami,Yamanaka,W05:830307:8303070147:山中湖,W05:830307:8303070001:相模川,110,-9334,915,112,9023.096,111.517,6,W05:830307:8303070147:山中湖>W05:830307:8303070001:相模川
Sagami,Yamanaka,W05:830307:8303070147:山中湖,W05:830307:8303070001:相模川,111,-9314,903,112,9023.096,111.517,6,W05:830307:8303070147:山中湖>W05:830307:8303070001:相模川
Sagami,Yamanaka,W05:830307:8303070147:山中湖,W05:830307:8303070001:相模川,112,-9285,899,112,9023.096,111.517,6,W05:830307:8303070147:山中湖>W05:830307:8303070001:相模川
Sagami,Yamanaka,W05:830307:8303070147:山中湖,W05:830307:8303070001:相模川,113,-9247,889,112,9023.096,111.517,6,W05:830307:8303070147:山中湖>W05:830307:8303070001:相模川
Sagami,Yamanaka,W05:830307:8303070147:山中湖,W05:830307:8303070001:相模川,114,-9219,916,112,9023.096,111.517,6,W05:830307:8303070147:山中湖>W05:830307:8303070001:相模川
Sagami,Yamanaka,W05:830307:8303070147:山中湖,W05:830307:8303070001:相模川,115,-9206,925,112,9023.096,111.517,6,W05:830307:8303070147:山中湖>W05:830307:8303070001:相模川
Sagami,Yamanaka,W05:830307:8303070147:山中湖,W05:830307:8303070001:相模川,116,-9161,941,112,9023.096,111.517,6,W05:830307:8303070147:山中湖>W05:830307:8303070001:相模川
Sagami,Yamanaka,W05:830307:8303070147:山中湖,W05:830307:8303070001:相模川,117,-9132,936,112,9023.096,111.517,6,W05:830307:8303070147:山中湖>W05:830307:8303070001:相模川
Sagami,Yamanaka,W05:830307:8303070147:山中湖,W05:830307:8303070001:相模川,118,-9098,946,112,9023.096,111.517,6,W05:830307:8303070147:山中湖>W05:830307:8303070001:相模川
Sagami,Yamanaka,W05:830307:8303070147:山中湖,W05:830307:8303070001:相模川,119,-9071,927,112,9023.096,111.517,6,W05:830307:8303070147:山中湖>W05:830307:8303070001:相模川
Sagami,Yamanaka,W05:830307:8303070147:山中湖,W05:830307:8303070001:相模川,120,-9063,923,112,9023.096,111.517,6,W05:830307:8303070147:山中湖>W05:830307:8303070001:相模川
Sagami,Yamanaka,W05:830307:8303070147:山中湖,W05:830307:8303070001:相模川,121,-9033,921,112,9023.096,111.517,6,W05:830307:8303070147:山中湖>W05:830307:8303070001:相模川
Sagami,Yamanaka,W05:830307:8303070147:山中湖,W05:830307:8303070001:相模川,122,-8979,926,112,9023.096,111.517,6,W05:830307:8303070147:山中湖>W05:830307:8303070001:相模川
Sagami,Yamanaka,W05:830307:8303070147:山中湖,W05:830307:8303070001:相模川,123,-8943,908,112,9023.096,111.517,6,W05:830307:8303070147:山中湖>W05:830307:8303070001:相模川
Sagami,Yamanaka,W05:830307:8303070147:山中湖,W05:830307:8303070001:相模川,124,-8909,917,112,9023.096,111.517,6,W05:830307:8303070147:山中湖>W05:830307:8303070001:相模川
Sagami,Yamanaka,W05:830307:8303070147:山中湖,W05:830307:8303070001:相模川,125,-8877,921,112,9023.096,111.517,6,W05:830307:8303070147:山中湖>W05:830307:8303070001:相模川
Sagami,Yamanaka,W05:830307:8303070147:山中湖,W05:830307:8303070001:相模川,126,-8846,916,112,9023.096,111.517,6,W05:830307:8303070147:山中湖>W05:830307:8303070001:相模川
Sagami,Yamanaka,W05:830307:8303070147:山中湖,W05:830307:8303070001:相模川,127,-8826,896,112,9023.096,111.517,6,W05:830307:8303070147:山中湖>W05:830307:8303070001:相模川
Sagami,Yamanaka,W05:830307:8303070147:山中湖,W05:830307:8303070001:相模川,128,-8783,903,112,9023.096,111.517,6,W05:830307:8303070147:山中湖>W05:830307:8303070001:相模川
Sagami,Yamanaka,W05:830307:8303070147:山中湖,W05:830307:8303070001:相模川,129,-8769,916,112,9023.096,111.517,6,W05:830307:8303070147:山中湖>W05:830307:8303070001:相模川
Sagami,Yamanaka,W05:830307:8303070147:山中湖,W05:830307:8303070001:相模川,130,-8764,948,112,9023.096,111.517,6,W05:830307:8303070147:山中湖>W05:830307:8303070001:相模川
Sagami,Yamanaka,W05:830307:8303070147:山中湖,W05:830307:8303070001:相模川,131,-8714,1002,112,9023.096,111.517,6,W05:830307:8303070147:山中湖>W05:830307:8303070001:相模川
Sagami,Yamanaka,W05:830307:8303070147:山中湖,W05:830307:8303070001:相模川,132,-8690,1046,112,9023.096,111.517,6,W05:830307:8303070147:山中湖>W05:830307:8303070001:相模川
Sagami,Yamanaka,W05:830307:8303070147:山中湖,W05:830307:8303070001:相模川,133,-8625,1069,112,9023.096,111.517,6,W05:830307:8303070147:山中湖>W05:830307:8303070001:相模川
Sagami,Yamanaka,W05:830307:8303070147:山中湖,W05:830307:8303070001:相模川,134,-8577,1087,112,9023.096,111.517,6,W05:830307:8303070147:山中湖>W05:830307:8303070001:相模川
Sagami,Yamanaka,W05:830307:8303070147:山中湖,W05:830307:8303070001:相模川,135,-8559,1091,112,9023.096,111.517,6,W05:830307:8303070147:山中湖>W05:830307:8303070001:相模川
Sagami,Yamanaka,W05:830307:8303070147:山中湖,W05:830307:8303070001:相模川,136,-8546,1097,112,9023.096,111.517,6,W05:830307:8303070147:山中湖>W05:830307:8303070001:相模川
Sagami,Yamanaka,W05:830307:8303070147:山中湖,W05:830307:8303070001:相模川,137,-8520,1103,112,9023.096,111.517,6,W05:830307:8303070147:山中湖>W05:830307:8303070001:相模川
Sagami,Yamanaka,W05:830307:8303070147:山中湖,W05:830307:8303070001:相模川,138,-8477,1096,112,9023.096,111.517,6,W05:830307:8303070147:山中湖>W05:830307:8303070001:相模川
Sagami,Yamanaka,W05:830307:8303070147:山中湖,W05:830307:8303070001:相模川,139,-8442,1101,112,9023.096,111.517,6,W05:830307:8303070147:山中湖>W05:830307:8303070001:相模川
Sagami,Yamanaka,W05:830307:8303070147:山中湖,W05:830307:8303070001:相模川,140,-8387,1089,112,9023.096,111.517,6,W05:830307:8303070147:山中湖>W05:830307:8303070001:相模川
Sagami,Yamanaka,W05:830307:8303070147:山中湖,W05:830307:8303070001:相模川,141,-8346,1081,112,9023.096,111.517,6,W05:830307:8303070147:山中湖>W05:830307:8303070001:相模川
Sagami,Yamanaka,W05:830307:8303070147:山中湖,W05:830307:8303070001:相模川,142,-8316,1039,112,9023.096,111.517,6,W05:830307:8303070147:山中湖>W05:830307:8303070001:相模川
Sagami,Yamanaka,W05:830307:8303070147:山中湖,W05:830307:8303070001:相模川,143,-8284,1033,112,9023.096,111.517,6,W05:830307:8303070147:山中湖>W05:830307:8303070001:相模川
Sagami,Yamanaka,W05:830307:8303070147:山中湖,W05:830307:8303070001:相模川,144,-8252,1059,112,9023.096,111.517,6,W05:830307:8303070147:山中湖>W05:830307:8303070001:相模川
Sagami,Yamanaka,W05:830307:8303070147:山中湖,W05:830307:8303070001:相模川,145,-8242,1077,112,9023.096,111.517,6,W05:830307:8303070147:山中湖>W05:830307:8303070001:相模川
Sagami,Yamanaka,W05:830307:8303070147:山中湖,W05:830307:8303070001:相模川,146,-8209,1126,112,9023.096,111.517,6,W05:830307:8303070147:山中湖>W05:830307:8303070001:相模川
Sagami,Yamanaka,W05:830307:8303070147:山中湖,W05:830307:8303070001:相模川,147,-8150,1127,112,9023.096,111.517,6,W05:830307:8303070147:山中湖>W05:830307:8303070001:相模川
Sagami,Yamanaka,W05:830307:8303070147:山中湖,W05:830307:8303070001:相模川,148,-8112,1073,112,9023.096,111.517,6,W05:830307:8303070147:山中湖>W05:830307:8303070001:相模川
Sagami,Yamanaka,W05:830307:8303070147:山中湖,W05:830307:8303070001:相模川,149,-8084,1058,112,9023.096,111.517,6,W05:830307:8303070147:山中湖>W05:830307:8303070001:相模川
Sagami,Yamanaka,W05:830307:8303070147:山中湖,W05:830307:8303070001:相模川,150,-8011,1041,112,9023.096,111.517,6,W05:830307:8303070147:山中湖>W05:830307:8303070001:相模川
Sagami,Yamanaka,W05:830307:8303070147:山中湖,W05:830307:8303070001:相模川,151,-7972,999,112,9023.096,111.517,6,W05:830307:8303070147:山中湖>W05:830307:8303070001:相模川
Sagami,Yamanaka,W05:830307:8303070147:山中湖,W05:830307:8303070001:相模川,152,-7952,984,112,9023.096,111.517,6,W05:830307:8303070147:山中湖>W05:830307:8303070001:相模川
Sagami,Yamanaka,W05:830307:8303070147:山中湖,W05:830307:8303070001:相模川,153,-7932,962,112,9023.096,111.517,6,W05:830307:8303070147:山中湖>W05:830307:8303070001:相模川
Sagami,Yamanaka,W05:830307:8303070147:山中湖,W05:830307:8303070001:相模川,154,-7888,954,112,9023.096,111.517,6,W05:830307:8303070147:山中湖>W05:830307:8303070001:相模川
Sagami,Yamanaka,W05:830307:8303070147:山中湖,W05:830307:8303070001:相模川,155,-7847,960,112,9023.096,111.517,6,W05:830307:8303070147:山中湖>W05:830307:8303070001:相模川
Sagami,Yamanaka,W05:830307:8303070147:山中湖,W05:830307:8303070001:相模川,156,-7802,947,112,9023.096,111.517,6,W05:830307:8303070147:山中湖>W05:830307:8303070001:相模川
Sagami,Yamanaka,W05:830307:8303070147:山中湖,W05:830307:8303070001:相模川,157,-7725,984,112,9023.096,111.517,6,W05:830307:8303070147:山中湖>W05:830307:8303070001:相模川
Sagami,Yamanaka,W05:830307:8303070147:山中湖,W05:830307:8303070001:相模川,158,-7694,984,112,9023.096,111.517,6,W05:830307:8303070147:山中湖>W05:830307:8303070001:相模川
Sagami,Yamanaka,W05:830307:8303070147:山中湖,W05:830307:8303070001:相模川,159,-7674,965,112,9023.096,111.517,6,W05:830307:8303070147:山中湖>W05:830307:8303070001:相模川
Sagami,Yamanaka,W05:830307:8303070147:山中湖,W05:830307:8303070001:相模川,160,-7627,938,112,9023.096,111.517,6,W05:830307:8303070147:山中湖>W05:830307:8303070001:相模川
Sagami,Yamanaka,W05:830307:8303070147:山中湖,W05:830307:8303070001:相模川,161,-7616,909,112,9023.096,111.517,6,W05:830307:8303070147:山中湖>W05:830307:8303070001:相模川
Sagami,Yamanaka,W05:830307:8303070147:山中湖,W05:830307:8303070001:相模川,162,-7599,894,112,9023.096,111.517,6,W05:830307:8303070147:山中湖>W05:830307:8303070001:相模川
Sagami,Yamanaka,W05:830307:8303070147:山中湖,W05:830307:8303070001:相模川,163,-7531,914,112,9023.096,111.517,6,W05:830307:8303070147:山中湖>W05:830307:8303070001:相模川
Sagami,Yamanaka,W05:830307:8303070147:山中湖,W05:830307:8303070001:相模川,164,-7496,934,112,9023.096,111.517,6,W05:830307:8303070147:山中湖>W05:830307:8303070001:相模川
Sagami,Yamanaka,W05:830307:8303070147:山中湖,W05:830307:8303070001:相模川,165,-7468,933,112,9023.096,111.517,6,W05:830307:8303070147:山中湖>W05:830307:8303070001:相模川
Sagami,Yamanaka,W05:830307:8303070147:山中湖,W05:830307:8303070001:相模川,166,-7434,915,112,9023.096,111.517,6,W05:830307:8303070147:山中湖>W05:830307:8303070001:相模川
Sagami,Yamanaka,W05:830307:8303070147:山中湖,W05:830307:8303070001:相模川,167,-7368,909,112,9023.096,111.517,6,W05:830307:8303070147:山中湖>W05:830307:8303070001:相模川
Sagami,Yamanaka,W05:830307:8303070147:山中湖,W05:830307:8303070001:相模川,168,-7328,898,112,9023.096,111.517,6,W05:830307:8303070147:山中湖>W05:830307:8303070001:相模川
Sagami,Yamanaka,W05:830307:8303070147:山中湖,W05:830307:8303070001:相模川,169,-7307,895,112,9023.096,111.517,6,W05:830307:8303070147:山中湖>W05:830307:8303070001:相模川
Sagami,Yamanaka,W05:830307:8303070147:山中湖,W05:830307:8303070001:相模川,170,-7276,907,112,9023.096,111.517,6,W05:830307:8303070147:山中湖>W05:830307:8303070001:相模川
Sagami,Yamanaka,W05:830307:8303070147:山中湖,W05:830307:8303070001:相模川,171,-7253,944,112,9023.096,111.517,6,W05:830307:8303070147:山中湖>W05:830307:8303070001:相模川
Sagami,Yamanaka,W05:830307:8303070147:山中湖,W05:830307:8303070001:相模川,172,-7215,941,112,9023.096,111.517,6,W05:830307:8303070147:山中湖>W05:830307:8303070001:相模川
Sagami,Yamanaka,W05:830307:8303070147:山中湖,W05:830307:8303070001:相模川,173,-7206,934,112,9023.096,111.517,6,W05:830307:8303070147:山中湖>W05:830307:8303070001:相模川
Sagami,Yamanaka,W05:830307:8303070147:山中湖,W05:830307:8303070001:相模川,174,-7188,924,112,9023.096,111.517,6,W05:830307:8303070147:山中湖>W05:830307:8303070001:相模川
Sagami,Yamanaka,W05:830307:8303070147:山中湖,W05:830307:8303070001:相模川,175,-7166,914,112,9023.096,111.517,6,W05:830307:8303070147:山中湖>W05:830307:8303070001:相模川
Sagami,Yamanaka,W05:830307:8303070147:山中湖,W05:830307:8303070001:相模川,176,-7157,908,112,9023.096,111.517,6,W05:830307:8303070147:山中湖>W05:830307:8303070001:相模川
Sagami,Yamanaka,W05:830307:8303070147:山中湖,W05:830307:8303070001:相模川,177,-7106,905,112,9023.096,111.517,6,W05:830307:8303070147:山中湖>W05:830307:8303070001:相模川
Sagami,Yamanaka,W05:830307:8303070147:山中湖,W05:830307:8303070001:相模川,178,-7037,910,112,9023.096,111.517,6,W05:830307:8303070147:山中湖>W05:830307:8303070001:相模川
Sagami,Yamanaka,W05:830307:8303070147:山中湖,W05:830307:8303070001:相模川,179,-6998,935,112,9023.096,111.517,6,W05:830307:8303070147:山中湖>W05:830307:8303070001:相模川
Sagami,Yamanaka,W05:830307:8303070147:山中湖,W05:830307:8303070001:相模川,180,-6914,950,112,9023.096,111.517,6,W05:830307:8303070147:山中湖>W05:830307:8303070001:相模川
Sagami,Yamanaka,W05:830307:8303070147:山中湖,W05:830307:8303070001:相模川,181,-6882,952,112,9023.096,111.517,6,W05:830307:8303070147:山中湖>W05:830307:8303070001:相模川
Sagami,Yamanaka,W05:830307:8303070147:山中湖,W05:830307:8303070001:相模川,182,-6834,970,112,9023.096,111.517,6,W05:830307:8303070147:山中湖>W05:830307:8303070001:相模川
Sagami,Yamanaka,W05:830307:8303070147:山中湖,W05:830307:8303070001:相模川,183,-6812,966,112,9023.096,111.517,6,W05:830307:8303070147:山中湖>W05:830307:8303070001:相模川
Sagami,Yamanaka,W05:830307:8303070147:山中湖,W05:830307:8303070001:相模川,184,-6795,958,112,9023.096,111.517,6,W05:830307:8303070147:山中湖>W05:830307:8303070001:相模川
Sagami,Yamanaka,W05:830307:8303070147:山中湖,W05:830307:8303070001:相模川,185,-6768,954,112,9023.096,111.517,6,W05:830307:8303070147:山中湖>W05:830307:8303070001:相模川
Sagami,Yamanaka,W05:830307:8303070147:山中湖,W05:830307:8303070001:相模川,186,-6732,956,112,9023.096,111.517,6,W05:830307:8303070147:山中湖>W05:830307:8303070001:相模川
Sagami,Yamanaka,W05:830307:8303070147:山中湖,W05:830307:8303070001:相模川,187,-6711,940,112,9023.096,111.517,6,W05:830307:8303070147:山中湖>W05:830307:8303070001:相模川
Sagami,Yamanaka,W05:830307:8303070147:山中湖,W05:830307:8303070001:相模川,188,-6635,932,112,9023.096,111.517,6,W05:830307:8303070147:山中湖>W05:830307:8303070001:相模川
Sagami,Yamanaka,W05:830307:8303070147:山中湖,W05:830307:8303070001:相模川,189,-6541,992,112,9023.096,111.517,6,W05:830307:8303070147:山中湖>W05:830307:8303070001:相模川
Sagami,Yamanaka,W05:830307:8303070147:山中湖,W05:830307:8303070001:相模川,190,-6474,963,112,9023.096,111.517,6,W05:830307:8303070147:山中湖>W05:830307:8303070001:相模川
Sagami,Yamanaka,W05:830307:8303070147:山中湖,W05:830307:8303070001:相模川,191,-6469,955,112,9023.096,111.517,6,W05:830307:8303070147:山中湖>W05:830307:8303070001:相模川
Sagami,Yamanaka,W05:830307:8303070147:山中湖,W05:830307:8303070001:相模川,192,-6462,918,112,9023.096,111.517,6,W05:830307:8303070147:山中湖>W05:830307:8303070001:相模川
Sagami,Yamanaka,W05:830307:8303070147:山中湖,W05:830307:8303070001:相模川,193,-6447,888,112,9023.096,111.517,6,W05:830307:8303070147:山中湖>W05:830307:8303070001:相模川
Sagami,Yamanaka,W05:830307:8303070147:山中湖,W05:830307:8303070001:相模川,194,-6407,866,112,9023.096,111.517,6,W05:830307:8303070147:山中湖>W05:830307:8303070001:相模川
Sagami,Yamanaka,W05:830307:8303070147:山中湖,W05:830307:8303070001:相模川,195,-6370,884,112,9023.096,111.517,6,W05:830307:8303070147:山中湖>W05:830307:8303070001:相模川
Sagami,Yamanaka,W05:830307:8303070147:山中湖,W05:830307:8303070001:相模川,196,-6363,897,112,9023.096,111.517,6,W05:830307:8303070147:山中湖>W05:830307:8303070001:相模川
Sagami,Yamanaka,W05:830307:8303070147:山中湖,W05:830307:8303070001:相模川,197,-6313,924,112,9023.096,111.517,6,W05:830307:8303070147:山中湖>W05:830307:8303070001:相模川
Sagami,Yamanaka,W05:830307:8303070147:山中湖,W05:830307:8303070001:相模川,198,-6284,945,112,9023.096,111.517,6,W05:830307:8303070147:山中湖>W05:830307:8303070001:相模川
Sagami,Yamanaka,W05:830307:8303070147:山中湖,W05:830307:8303070001:相模川,199,-6218,996,112,9023.096,111.517,6,W05:830307:8303070147:山中湖>W05:830307:8303070001:相模川
Sagami,Yamanaka,W05:830307:8303070147:山中湖,W05:830307:8303070001:相模川,200,-6181,999,112,9023.096,111.517,6,W05:830307:8303070147:山中湖>W05:830307:8303070001:相模川
Sagami,Yamanaka,W05:830307:8303070147:山中湖,W05:830307:8303070001:相模川,201,-6151,1015,112,9023.096,111.517,6,W05:830307:8303070147:山中湖>W05:830307:8303070001:相模川
Sagami,Yamanaka,W05:830307:8303070147:山中湖,W05:830307:8303070001:相模川,202,-6140,1031,112,9023.096,111.517,6,W05:830307:8303070147:山中湖>W05:830307:8303070001:相模川
Sagami,Yamanaka,W05:830307:8303070147:山中湖,W05:830307:8303070001:相模川,203,-6114,1049,112,9023.096,111.517,6,W05:830307:8303070147:山中湖>W05:830307:8303070001:相模川
Sagami,Yamanaka,W05:830307:8303070147:山中湖,W05:830307:8303070001:相模川,204,-6083,1063,112,9023.096,111.517,6,W05:830307:8303070147:山中湖>W05:830307:8303070001:相模川
Sagami,Yamanaka,W05:830307:8303070147:山中湖,W05:830307:8303070001:相模川,205,-6077,1072,112,9023.096,111.517,6,W05:830307:8303070147:山中湖>W05:830307:8303070001:相模川
Sagami,Yamanaka,W05:830307:8303070147:山中湖,W05:830307:8303070001:相模川,206,-6006,1106,112,9023.096,111.517,6,W05:830307:8303070147:山中湖>W05:830307:8303070001:相模川
Sagami,Yamanaka,W05:830307:8303070147:山中湖,W05:830307:8303070001:相模川,207,-5966,1107,112,9023.096,111.517,6,W05:830307:8303070147:山中湖>W05:830307:8303070001:相模川
Sagami,Yamanaka,W05:830307:8303070147:山中湖,W05:830307:8303070001:相模川,208,-5922,1139,112,9023.096,111.517,6,W05:830307:8303070147:山中湖>W05:830307:8303070001:相模川
Sagami,Yamanaka,W05:830307:8303070147:山中湖,W05:830307:8303070001:相模川,209,-5881,1139,112,9023.096,111.517,6,W05:830307:8303070147:山中湖>W05:830307:8303070001:相模川
Sagami,Yamanaka,W05:830307:8303070147:山中湖,W05:830307:8303070001:相模川,210,-5870,1143,112,9023.096,111.517,6,W05:830307:8303070147:山中湖>W05:830307:8303070001:相模川
Sagami,Yamanaka,W05:830307:8303070147:山中湖,W05:830307:8303070001:相模川,211,-5820,1183,112,9023.096,111.517,6,W05:830307:8303070147:山中湖>W05:830307:8303070001:相模川
Sagami,Yamanaka,W05:830307:8303070147:山中湖,W05:830307:8303070001:相模川,212,-5790,1215,112,9023.096,111.517,6,W05:830307:8303070147:山中湖>W05:830307:8303070001:相模川
Sagami,Yamanaka,W05:830307:8303070147:山中湖,W05:830307:8303070001:相模川,213,-5735,1263,112,9023.096,111.517,6,W05:830307:8303070147:山中湖>W05:830307:8303070001:相模川
Sagami,Yamanaka,W05:830307:8303070147:山中湖,W05:830307:8303070001:相模川,214,-5720,1287,112,9023.096,111.517,6,W05:830307:8303070147:山中湖>W05:830307:8303070001:相模川
Sagami,Yamanaka,W05:830307:8303070147:山中湖,W05:830307:8303070001:相模川,215,-5641,1283,112,9023.096,111.517,6,W05:830307:8303070147:山中湖>W05:830307:8303070001:相模川
Sagami,Yamanaka,W05:830307:8303070147:山中湖,W05:830307:8303070001:相模川,216,-5597,1279,112,9023.096,111.517,6,W05:830307:8303070147:山中湖>W05:830307:8303070001:相模川
Sagami,Yamanaka,W05:830307:8303070147:山中湖,W05:830307:8303070001:相模川,217,-5562,1293,112,9023.096,111.517,6,W05:830307:8303070147:山中湖>W05:830307:8303070001:相模川
Sagami,Yamanaka,W05:830307:8303070147:山中湖,W05:830307:8303070001:相模川,218,-5542,1283,112,9023.096,111.517,6,W05:830307:8303070147:山中湖>W05:830307:8303070001:相模川
Sagami,Yamanaka,W05:830307:8303070147:山中湖,W05:830307:8303070001:相模川,219,-5503,1284,112,9023.096,111.517,6,W05:830307:8303070147:山中湖>W05:830307:8303070001:相模川
Sagami,Yamanaka,W05:830307:8303070147:山中湖,W05:830307:8303070001:相模川,220,-5484,1300,112,9023.096,111.517,6,W05:830307:8303070147:山中湖>W05:830307:8303070001:相模川
Sagami,Yamanaka,W05:830307:8303070147:山中湖,W05:830307:8303070001:相模川,221,-5471,1326,112,9023.096,111.517,6,W05:830307:8303070147:山中湖>W05:830307:8303070001:相模川
Sagami,Yamanaka,W05:830307:8303070147:山中湖,W05:830307:8303070001:相模川,222,-5427,1343,112,9023.096,111.517,6,W05:830307:8303070147:山中湖>W05:830307:8303070001:相模川
Sagami,Yamanaka,W05:830307:8303070147:山中湖,W05:830307:8303070001:相模川,223,-5380,1304,112,9023.096,111.517,6,W05:830307:8303070147:山中湖>W05:830307:8303070001:相模川
Sagami,Yamanaka,W05:830307:8303070147:山中湖,W05:830307:8303070001:相模川,224,-5347,1292,112,9023.096,111.517,6,W05:830307:8303070147:山中湖>W05:830307:8303070001:相模川
Sagami,Yamanaka,W05:830307:8303070147:山中湖,W05:830307:8303070001:相模川,225,-5311,1295,112,9023.096,111.517,6,W05:830307:8303070147:山中湖>W05:830307:8303070001:相模川
Sagami,Yamanaka,W05:830307:8303070147:山中湖,W05:830307:8303070001:相模川,226,-5289,1315,112,9023.096,111.517,6,W05:830307:8303070147:山中湖>W05:830307:8303070001:相模川
Sagami,Yamanaka,W05:830307:8303070147:山中湖,W05:830307:8303070001:相模川,227,-5281,1350,112,9023.096,111.517,6,W05:830307:8303070147:山中湖>W05:830307:8303070001:相模川
Sagami,Yamanaka,W05:830307:8303070147:山中湖,W05:830307:8303070001:相模川,228,-5279,1378,112,9023.096,111.517,6,W05:830307:8303070147:山中湖>W05:830307:8303070001:相模川
Yodo,Biwa,W05:860604:8606040001:瀬田川,W05:860604:8606040001:淀川,0,-43638,9753,320,8880.325,313.002,73,W05:860604:8606040001:瀬田川>W05:860604:8606040001:宇治川>W05:860604:8606040001:淀川
Yodo,Biwa,W05:860604:8606040001:瀬田川,W05:860604:8606040001:淀川,1,-43632,9789,320,8880.325,313.002,73,W05:860604:8606040001:瀬田川>W05:860604:8606040001:宇治川>W05:860604:8606040001:淀川
Yodo,Biwa,W05:860604:8606040001:瀬田川,W05:860604:8606040001:淀川,2,-43629,9825,320,8880.325,313.002,73,W05:860604:8606040001:瀬田川>W05:860604:8606040001:宇治川>W05:860604:8606040001:淀川
Yodo,Biwa,W05:860604:8606040001:瀬田川,W05:860604:8606040001:淀川,3,-43641,9878,320,8880.325,313.002,73,W05:860604:8606040001:瀬田川>W05:860604:8606040001:宇治川>W05:860604:8606040001:淀川
Yodo,Biwa,W05:860604:8606040001:瀬田川,W05:860604:8606040001:淀川,4,-43650,9933,320,8880.325,313.002,73,W05:860604:8606040001:瀬田川>W05:860604:8606040001:宇治川>W05:860604:8606040001:淀川
Yodo,Biwa,W05:860604:8606040001:瀬田川,W05:860604:8606040001:淀川,5,-43648,9955,320,8880.325,313.002,73,W05:860604:8606040001:瀬田川>W05:860604:8606040001:宇治川>W05:860604:8606040001:淀川
Yodo,Biwa,W05:860604:8606040001:瀬田川,W05:860604:8606040001:淀川,6,-43638,9980,320,8880.325,313.002,73,W05:860604:8606040001:瀬田川>W05:860604:8606040001:宇治川>W05:860604:8606040001:淀川
Yodo,Biwa,W05:860604:8606040001:瀬田川,W05:860604:8606040001:淀川,7,-43604,10019,320,8880.325,313.002,73,W05:860604:8606040001:瀬田川>W05:860604:8606040001:宇治川>W05:860604:8606040001:淀川
Yodo,Biwa,W05:860604:8606040001:瀬田川,W05:860604:8606040001:淀川,8,-43590,10051,320,8880.325,313.002,73,W05:860604:8606040001:瀬田川>W05:860604:8606040001:宇治川>W05:860604:8606040001:淀川
Yodo,Biwa,W05:860604:8606040001:瀬田川,W05:860604:8606040001:淀川,9,-43588,10106,320,8880.325,313.002,73,W05:860604:8606040001:瀬田川>W05:860604:8606040001:宇治川>W05:860604:8606040001:淀川
Yodo,Biwa,W05:860604:8606040001:瀬田川,W05:860604:8606040001:淀川,10,-43588,10113,320,8880.325,313.002,73,W05:860604:8606040001:瀬田川>W05:860604:8606040001:宇治川>W05:860604:8606040001:淀川
Yodo,Biwa,W05:860604:8606040001:瀬田川,W05:860604:8606040001:淀川,11,-43585,10163,320,8880.325,313.002,73,W05:860604:8606040001:瀬田川>W05:860604:8606040001:宇治川>W05:860604:8606040001:淀川
Yodo,Biwa,W05:860604:8606040001:瀬田川,W05:860604:8606040001:淀川,12,-43575,10199,320,8880.325,313.002,73,W05:860604:8606040001:瀬田川>W05:860604:8606040001:宇治川>W05:860604:8606040001:淀川
Yodo,Biwa,W05:860604:8606040001:瀬田川,W05:860604:8606040001:淀川,13,-43592,10256,320,8880.325,313.002,73,W05:860604:8606040001:瀬田川>W05:860604:8606040001:宇治川>W05:860604:8606040001:淀川
Yodo,Biwa,W05:860604:8606040001:瀬田川,W05:860604:8606040001:淀川,14,-43593,10342,320,8880.325,313.002,73,W05:860604:8606040001:瀬田川>W05:860604:8606040001:宇治川>W05:860604:8606040001:淀川
Yodo,Biwa,W05:860604:8606040001:瀬田川,W05:860604:8606040001:淀川,15,-43588,10363,320,8880.325,313.002,73,W05:860604:8606040001:瀬田川>W05:860604:8606040001:宇治川>W05:860604:8606040001:淀川
Yodo,Biwa,W05:860604:8606040001:瀬田川,W05:860604:8606040001:淀川,16,-43562,10381,320,8880.325,313.002,73,W05:860604:8606040001:瀬田川>W05:860604:8606040001:宇治川>W05:860604:8606040001:淀川
Yodo,Biwa,W05:860604:8606040001:瀬田川,W05:860604:8606040001:淀川,17,-43546,10409,320,8880.325,313.002,73,W05:860604:8606040001:瀬田川>W05:860604:8606040001:宇治川>W05:860604:8606040001:淀川
Yodo,Biwa,W05:860604:8606040001:瀬田川,W05:860604:8606040001:淀川,18,-43531,10429,320,8880.325,313.002,73,W05:860604:8606040001:瀬田川>W05:860604:8606040001:宇治川>W05:860604:8606040001:淀川
Yodo,Biwa,W05:860604:8606040001:瀬田川,W05:860604:8606040001:淀川,19,-43529,10457,320,8880.325,313.002,73,W05:860604:8606040001:瀬田川>W05:860604:8606040001:宇治川>W05:860604:8606040001:淀川
Yodo,Biwa,W05:860604:8606040001:瀬田川,W05:860604:8606040001:淀川,20,-43523,10483,320,8880.325,313.002,73,W05:860604:8606040001:瀬田川>W05:860604:8606040001:宇治川>W05:860604:8606040001:淀川
Yodo,Biwa,W05:860604:8606040001:瀬田川,W05:860604:8606040001:淀川,21,-43520,10517,320,8880.325,313.002,73,W05:860604:8606040001:瀬田川>W05:860604:8606040001:宇治川>W05:860604:8606040001:淀川
Yodo,Biwa,W05:860604:8606040001:瀬田川,W05:860604:8606040001:淀川,22,-43538,10541,320,8880.325,313.002,73,W05:860604:8606040001:瀬田川>W05:860604:8606040001:宇治川>W05:860604:8606040001:淀川
Yodo,Biwa,W05:860604:8606040001:瀬田川,W05:860604:8606040001:淀川,23,-43557,10553,320,8880.325,313.002,73,W05:860604:8606040001:瀬田川>W05:860604:8606040001:宇治川>W05:860604:8606040001:淀川
Yodo,Biwa,W05:860604:8606040001:瀬田川,W05:860604:8606040001:淀川,24,-43566,10572,320,8880.325,313.002,73,W05:860604:8606040001:瀬田川>W05:860604:8606040001:宇治川>W05:860604:8606040001:淀川
Yodo,Biwa,W05:860604:8606040001:瀬田川,W05:860604:8606040001:淀川,25,-43558,10602,320,8880.325,313.002,73,W05:860604:8606040001:瀬田川>W05:860604:8606040001:宇治川>W05:860604:8606040001:淀川
Yodo,Biwa,W05:860604:8606040001:瀬田川,W05:860604:8606040001:淀川,26,-43554,10661,320,8880.325,313.002,73,W05:860604:8606040001:瀬田川>W05:860604:8606040001:宇治川>W05:860604:8606040001:淀川
Yodo,Biwa,W05:860604:8606040001:瀬田川,W05:860604:8606040001:淀川,27,-43553,10680,320,8880.325,313.002,73,W05:860604:8606040001:瀬田川>W05:860604:8606040001:宇治川>W05:860604:8606040001:淀川
Yodo,Biwa,W05:860604:8606040001:瀬田川,W05:860604:8606040001:淀川,28,-43559,10699,320,8880.325,313.002,73,W05:860604:8606040001:瀬田川>W05:860604:8606040001:宇治川>W05:860604:8606040001:淀川
Yodo,Biwa,W05:860604:8606040001:瀬田川,W05:860604:8606040001:淀川,29,-43608,10715,320,8880.325,313.002,73,W05:860604:8606040001:瀬田川>W05:860604:8606040001:宇治川>W05:860604:8606040001:淀川
Yodo,Biwa,W05:860604:8606040001:瀬田川,W05:860604:8606040001:淀川,30,-43715,10685,320,8880.325,313.002,73,W05:860604:8606040001:瀬田川>W05:860604:8606040001:宇治川>W05:860604:8606040001:淀川
Yodo,Biwa,W05:860604:8606040001:瀬田川,W05:860604:8606040001:淀川,31,-43816,10664,320,8880.325,313.002,73,W05:860604:8606040001:瀬田川>W05:860604:8606040001:宇治川>W05:860604:8606040001:淀川
Yodo,Biwa,W05:860604:8606040001:瀬田川,W05:860604:8606040001:淀川,32,-43882,10658,320,8880.325,313.002,73,W05:860604:8606040001:瀬田川>W05:860604:8606040001:宇治川>W05:860604:8606040001:淀川
Yodo,Biwa,W05:860604:8606040001:瀬田川,W05:860604:8606040001:淀川,33,-43913,10655,320,8880.325,313.002,73,W05:860604:8606040001:瀬田川>W05:860604:8606040001:宇治川>W05:860604:8606040001:淀川
Yodo,Biwa,W05:860604:8606040001:瀬田川,W05:860604:8606040001:淀川,34,-44035,10732,320,8880.325,313.002,73,W05:860604:8606040001:瀬田川>W05:860604:8606040001:宇治川>W05:860604:8606040001:淀川
Yodo,Biwa,W05:860604:8606040001:瀬田川,W05:860604:8606040001:淀川,35,-44059,10767,320,8880.325,313.002,73,W05:860604:8606040001:瀬田川>W05:860604:8606040001:宇治川>W05:860604:8606040001:淀川
Yodo,Biwa,W05:860604:8606040001:瀬田川,W05:860604:8606040001:淀川,36,-44088,10892,320,8880.325,313.002,73,W05:860604:8606040001:瀬田川>W05:860604:8606040001:宇治川>W05:860604:8606040001:淀川
Yodo,Biwa,W05:860604:8606040001:瀬田川,W05:860604:8606040001:淀川,37,-44131,10989,320,8880.325,313.002,73,W05:860604:8606040001:瀬田川>W05:860604:8606040001:宇治川>W05:860604:8606040001:淀川
Yodo,Biwa,W05:860604:8606040001:瀬田川,W05:860604:8606040001:淀川,38,-44161,11033,320,8880.325,313.002,73,W05:860604:8606040001:瀬田川>W05:860604:8606040001:宇治川>W05:860604:8606040001:淀川
Yodo,Biwa,W05:860604:8606040001:瀬田川,W05:860604:8606040001:淀川,39,-44219,11088,320,8880.325,313.002,73,W05:860604:8606040001:瀬田川>W05:860604:8606040001:宇治川>W05:860604:8606040001:淀川
Yodo,Biwa,W05:860604:8606040001:瀬田川,W05:860604:8606040001:淀川,40,-44253,11112,320,8880.325,313.002,73,W05:860604:8606040001:瀬田川>W05:860604:8606040001:宇治川>W05:860604:8606040001:淀川
Yodo,Biwa,W05:860604:8606040001:瀬田川,W05:860604:8606040001:淀川,41,-44310,11162,320,8880.325,313.002,73,W05:860604:8606040001:瀬田川>W05:860604:8606040001:宇治川>W05:860604:8606040001:淀川
Yodo,Biwa,W05:860604:8606040001:瀬田川,W05:860604:8606040001:淀川,42,-44335,11194,320,8880.325,313.002,73,W05:860604:8606040001:瀬田川>W05:860604:8606040001:宇治川>W05:860604:8606040001:淀川
Yodo,Biwa,W05:860604:8606040001:瀬田川,W05:860604:8606040001:淀川,43,-44492,11189,320,8880.325,313.002,73,W05:860604:8606040001:瀬田川>W05:860604:8606040001:宇治川>W05:860604:8606040001:淀川
Yodo,Biwa,W05:860604:8606040001:瀬田川,W05:860604:8606040001:淀川,44,-44511,11164,320,8880.325,313.002,73,W05:860604:8606040001:瀬田川>W05:860604:8606040001:宇治川>W05:860604:8606040001:淀川
Yodo,Biwa,W05:860604:8606040001:瀬田川,W05:860604:8606040001:淀川,45,-44607,11128,320,8880.325,313.002,73,W05:860604:8606040001:瀬田川>W05:860604:8606040001:宇治川>W05:860604:8606040001:淀川
Yodo,Biwa,W05:860604:8606040001:瀬田川,W05:860604:8606040001:淀川,46,-44682,11064,320,8880.325,313.002,73,W05:860604:8606040001:瀬田川>W05:860604:8606040001:宇治川>W05:860604:8606040001:淀川
Yodo,Biwa,W05:860604:8606040001:瀬田川,W05:860604:8606040001:淀川,47,-44717,11030,320,8880.325,313.002,73,W05:860604:8606040001:瀬田川>W05:860604:8606040001:宇治川>W05:860604:8606040001:淀川
Yodo,Biwa,W05:860604:8606040001:瀬田川,W05:860604:8606040001:淀川,48,-44794,10943,320,8880.325,313.002,73,W05:860604:8606040001:瀬田川>W05:860604:8606040001:宇治川>W05:860604:8606040001:淀川
Yodo,Biwa,W05:860604:8606040001:瀬田川,W05:860604:8606040001:淀川,49,-44823,10889,320,8880.325,313.002,73,W05:860604:8606040001:瀬田川>W05:860604:8606040001:宇治川>W05:860604:8606040001:淀川
Yodo,Biwa,W05:860604:8606040001:瀬田川,W05:860604:8606040001:淀川,50,-44851,10840,320,8880.325,313.002,73,W05:860604:8606040001:瀬田川>W05:860604:8606040001:宇治川>W05:860604:8606040001:淀川
Yodo,Biwa,W05:860604:8606040001:瀬田川,W05:860604:8606040001:淀川,51,-44897,10787,320,8880.325,313.002,73,W05:860604:8606040001:瀬田川>W05:860604:8606040001:宇治川>W05:860604:8606040001:淀川
Yodo,Biwa,W05:860604:8606040001:瀬田川,W05:860604:8606040001:淀川,52,-44949,10667,320,8880.325,313.002,73,W05:860604:8606040001:瀬田川>W05:860604:8606040001:宇治川>W05:860604:8606040001:淀川
Yodo,Biwa,W05:860604:8606040001:瀬田川,W05:860604:8606040001:淀川,53,-44968,10582,320,8880.325,313.002,73,W05:860604:8606040001:瀬田川>W05:860604:8606040001:宇治川>W05:860604:8606040001:淀川
Yodo,Biwa,W05:860604:8606040001:瀬田川,W05:860604:8606040001:淀川,54,-44997,10553,320,8880.325,313.002,73,W05:860604:8606040001:瀬田川>W05:860604:8606040001:宇治川>W05:860604:8606040001:淀川
Yodo,Biwa,W05:860604:8606040001:瀬田川,W05:860604:8606040001:淀川,55,-45039,10524,320,8880.325,313.002,73,W05:860604:8606040001:瀬田川>W05:860604:8606040001:宇治川>W05:860604:8606040001:淀川
Yodo,Biwa,W05:860604:8606040001:瀬田川,W05:860604:8606040001:淀川,56,-45114,10483,320,8880.325,313.002,73,W05:860604:8606040001:瀬田川>W05:860604:8606040001:宇治川>W05:860604:8606040001:淀川
Yodo,Biwa,W05:860604:8606040001:瀬田川,W05:860604:8606040001:淀川,57,-45213,10509,320,8880.325,313.002,73,W05:860604:8606040001:瀬田川>W05:860604:8606040001:宇治川>W05:860604:8606040001:淀川
Yodo,Biwa,W05:860604:8606040001:瀬田川,W05:860604:8606040001:淀川,58,-45280,10533,320,8880.325,313.002,73,W05:860604:8606040001:瀬田川>W05:860604:8606040001:宇治川>W05:860604:8606040001:淀川
Yodo,Biwa,W05:860604:8606040001:瀬田川,W05:860604:8606040001:淀川,59,-45318,10553,320,8880.325,313.002,73,W05:860604:8606040001:瀬田川>W05:860604:8606040001:宇治川>W05:860604:8606040001:淀川
Yodo,Biwa,W05:860604:8606040001:瀬田川,W05:860604:8606040001:淀川,60,-45334,10564,320,8880.325,313.002,73,W05:860604:8606040001:瀬田川>W05:860604:8606040001:宇治川>W05:860604:8606040001:淀川
Yodo,Biwa,W05:860604:8606040001:瀬田川,W05:860604:8606040001:淀川,61,-45414,10589,320,8880.325,313.002,73,W05:860604:8606040001:瀬田川>W05:860604:8606040001:宇治川>W05:860604:8606040001:淀川
Yodo,Biwa,W05:860604:8606040001:瀬田川,W05:860604:8606040001:淀川,62,-45485,10612,320,8880.325,313.002,73,W05:860604:8606040001:瀬田川>W05:860604:8606040001:宇治川>W05:860604:8606040001:淀川
Yodo,Biwa,W05:860604:8606040001:瀬田川,W05:860604:8606040001:淀川,63,-45528,10677,320,8880.325,313.002,73,W05:860604:8606040001:瀬田川>W05:860604:8606040001:宇治川>W05:860604:8606040001:淀川
Yodo,Biwa,W05:860604:8606040001:瀬田川,W05:860604:8606040001:淀川,64,-45592,10782,320,8880.325,313.002,73,W05:860604:8606040001:瀬田川>W05:860604:8606040001:宇治川>W05:860604:8606040001:淀川
Yodo,Biwa,W05:860604:8606040001:瀬田川,W05:860604:8606040001:淀川,65,-45602,10799,320,8880.325,313.002,73,W05:860604:8606040001:瀬田川>W05:860604:8606040001:宇治川>W05:860604:8606040001:淀川
Yodo,Biwa,W05:860604:8606040001:瀬田川,W05:860604:8606040001:淀川,66,-45659,10859,320,8880.325,313.002,73,W05:860604:8606040001:瀬田川>W05:860604:8606040001:宇治川>W05:860604:8606040001:淀川
Yodo,Biwa,W05:860604:8606040001:瀬田川,W05:860604:8606040001:淀川,67,-45698,10893,320,8880.325,313.002,73,W05:860604:8606040001:瀬田川>W05:860604:8606040001:宇治川>W05:860604:8606040001:淀川
Yodo,Biwa,W05:860604:8606040001:瀬田川,W05:860604:8606040001:淀川,68,-45741,10918,320,8880.325,313.002,73,W05:860604:8606040001:瀬田川>W05:860604:8606040001:宇治川>W05:860604:8606040001:淀川
Yodo,Biwa,W05:860604:8606040001:瀬田川,W05:860604:8606040001:淀川,69,-45952,10983,320,8880.325,313.002,73,W05:860604:8606040001:瀬田川>W05:860604:8606040001:宇治川>W05:860604:8606040001:淀川
Yodo,Biwa,W05:860604:8606040001:瀬田川,W05:860604:8606040001:淀川,70,-45958,10985,320,8880.325,313.002,73,W05:860604:8606040001:瀬田川>W05:860604:8606040001:宇治川>W05:860604:8606040001:淀川
Yodo,Biwa,W05:860604:8606040001:瀬田川,W05:860604:8606040001:淀川,71,-46054,10985,320,8880.325,313.002,73,W05:860604:8606040001:瀬田川>W05:860604:8606040001:宇治川>W05:860604:8606040001:淀川
Yodo,Biwa,W05:860604:8606040001:瀬田川,W05:860604:8606040001:淀川,72,-46110,10993,320,8880.325,313.002,73,W05:860604:8606040001:瀬田川>W05:860604:8606040001:宇治川>W05:860604:8606040001:淀川
Yodo,Biwa,W05:860604:8606040001:瀬田川,W05:860604:8606040001:淀川,73,-46166,11040,320,8880.325,313.002,73,W05:860604:8606040001:瀬田川>W05:860604:8606040001:宇治川>W05:860604:8606040001:淀川
Yodo,Biwa,W05:860604:8606040001:瀬田川,W05:860604:8606040001:淀川,74,-46186,11094,320,8880.325,313.002,73,W05:860604:8606040001:瀬田川>W05:860604:8606040001:宇治川>W05:860604:8606040001:淀川
Yodo,Biwa,W05:860604:8606040001:瀬田川,W05:860604:8606040001:淀川,75,-46209,11159,320,8880.325,313.002,73,W05:860604:8606040001:瀬田川>W05:860604:8606040001:宇治川>W05:860604:8606040001:淀川
Yodo,Biwa,W05:860604:8606040001:瀬田川,W05:860604:8606040001:淀川,76,-46225,11208,320,8880.325,313.002,73,W05:860604:8606040001:瀬田川>W05:860604:8606040001:宇治川>W05:860604:8606040001:淀川
Yodo,Biwa,W05:860604:8606040001:瀬田川,W05:860604:8606040001:淀川,77,-46247,11248,320,8880.325,313.002,73,W05:860604:8606040001:瀬田川>W05:860604:8606040001:宇治川>W05:860604:8606040001:淀川
Yodo,Biwa,W05:860604:8606040001:瀬田川,W05:860604:8606040001:淀川,78,-46285,11296,320,8880.325,313.002,73,W05:860604:8606040001:瀬田川>W05:860604:8606040001:宇治川>W05:860604:8606040001:淀川
Yodo,Biwa,W05:860604:8606040001:瀬田川,W05:860604:8606040001:淀川,79,-46311,11322,320,8880.325,313.002,73,W05:860604:8606040001:瀬田川>W05:860604:8606040001:宇治川>W05:860604:8606040001:淀川
Yodo,Biwa,W05:860604:8606040001:瀬田川,W05:860604:8606040001:淀川,80,-46348,11462,320,8880.325,313.002,73,W05:860604:8606040001:瀬田川>W05:860604:8606040001:宇治川>W05:860604:8606040001:淀川
Yodo,Biwa,W05:860604:8606040001:瀬田川,W05:860604:8606040001:淀川,81,-46393,11514,320,8880.325,313.002,73,W05:860604:8606040001:瀬田川>W05:860604:8606040001:宇治川>W05:860604:8606040001:淀川
Yodo,Biwa,W05:860604:8606040001:瀬田川,W05:860604:8606040001:淀川,82,-46451,11553,320,8880.325,313.002,73,W05:860604:8606040001:瀬田川>W05:860604:8606040001:宇治川>W05:860604:8606040001:淀川
Yodo,Biwa,W05:860604:8606040001:瀬田川,W05:860604:8606040001:淀川,83,-46501,11601,320,8880.325,313.002,73,W05:860604:8606040001:瀬田川>W05:860604:8606040001:宇治川>W05:860604:8606040001:淀川
Yodo,Biwa,W05:860604:8606040001:瀬田川,W05:860604:8606040001:淀川,84,-46523,11635,320,8880.325,313.002,73,W05:860604:8606040001:瀬田川>W05:860604:8606040001:宇治川>W05:860604:8606040001:淀川
Yodo,Biwa,W05:860604:8606040001:瀬田川,W05:860604:8606040001:淀川,85,-46547,11688,320,8880.325,313.002,73,W05:860604:8606040001:瀬田川>W05:860604:8606040001:宇治川>W05:860604:8606040001:淀川
Yodo,Biwa,W05:860604:8606040001:瀬田川,W05:860604:8606040001:淀川,86,-46555,11732,320,8880.325,313.002,73,W05:860604:8606040001:瀬田川>W05:860604:8606040001:宇治川>W05:860604:8606040001:淀川
Yodo,Biwa,W05:860604:8606040001:瀬田川,W05:860604:8606040001:淀川,87,-46576,11773,320,8880.325,313.002,73,W05:860604:8606040001:瀬田川>W05:860604:8606040001:宇治川>W05:860604:8606040001:淀川
Yodo,Biwa,W05:860604:8606040001:瀬田川,W05:860604:8606040001:淀川,88,-46590,11841,320,8880.325,313.002,73,W05:860604:8606040001:瀬田川>W05:860604:8606040001:宇治川>W05:860604:8606040001:淀川
Yodo,Biwa,W05:860604:8606040001:瀬田川,W05:860604:8606040001:淀川,89,-46599,11866,320,8880.325,313.002,73,W05:860604:8606040001:瀬田川>W05:860604:8606040001:宇治川>W05:860604:8606040001:淀川
Yodo,Biwa,W05:860604:8606040001:瀬田川,W05:860604:8606040001:淀川,90,-46613,11898,320,8880.325,313.002,73,W05:860604:8606040001:瀬田川>W05:860604:8606040001:宇治川>W05:860604:8606040001:淀川
Yodo,Biwa,W05:860604:8606040001:瀬田川,W05:860604:8606040001:淀川,91,-46630,11960,320,8880.325,313.002,73,W05:860604:8606040001:瀬田川>W05:860604:8606040001:宇治川>W05:860604:8606040001:淀川
Yodo,Biwa,W05:860604:8606040001:瀬田川,W05:860604:8606040001:淀川,92,-46654,12003,320,8880.325,313.002,73,W05:860604:8606040001:瀬田川>W05:860604:8606040001:宇治川>W05:860604:8606040001:淀川
Yodo,Biwa,W05:860604:8606040001:瀬田川,W05:860604:8606040001:淀川,93,-46676,12029,320,8880.325,313.002,73,W05:860604:8606040001:瀬田川>W05:860604:8606040001:宇治川>W05:860604:8606040001:淀川
Yodo,Biwa,W05:860604:8606040001:瀬田川,W05:860604:8606040001:淀川,94,-46723,12060,320,8880.325,313.002,73,W05:860604:8606040001:瀬田川>W05:860604:8606040001:宇治川>W05:860604:8606040001:淀川
Yodo,Biwa,W05:860604:8606040001:瀬田川,W05:860604:8606040001:淀川,95,-46783,12084,320,8880.325,313.002,73,W05:860604:8606040001:瀬田川>W05:860604:8606040001:宇治川>W05:860604:8606040001:淀川
Yodo,Biwa,W05:860604:8606040001:瀬田川,W05:860604:8606040001:淀川,96,-46849,12120,320,8880.325,313.002,73,W05:860604:8606040001:瀬田川>W05:860604:8606040001:宇治川>W05:860604:8606040001:淀川
Yodo,Biwa,W05:860604:8606040001:瀬田川,W05:860604:8606040001:淀川,97,-46885,12164,320,8880.325,313.002,73,W05:860604:8606040001:瀬田川>W05:860604:8606040001:宇治川>W05:860604:8606040001:淀川
Yodo,Biwa,W05:860604:8606040001:瀬田川,W05:860604:8606040001:淀川,98,-46916,12222,320,8880.325,313.002,73,W05:860604:8606040001:瀬田川>W05:860604:8606040001:宇治川>W05:860604:8606040001:淀川
Yodo,Biwa,W05:860604:8606040001:瀬田川,W05:860604:8606040001:淀川,99,-46927,12272,320,8880.325,313.002,73,W05:860604:8606040001:瀬田川>W05:860604:8606040001:宇治川>W05:860604:8606040001:淀川
Yodo,Biwa,W05:860604:8606040001:瀬田川,W05:860604:8606040001:淀川,100,-46960,12368,320,8880.325,313.002,73,W05:860604:8606040001:瀬田川>W05:860604:8606040001:宇治川>W05:860604:8606040001:淀川
Yodo,Biwa,W05:860604:8606040001:瀬田川,W05:860604:8606040001:淀川,101,-46991,12425,320,8880.325,313.002,73,W05:860604:8606040001:瀬田川>W05:860604:8606040001:宇治川>W05:860604:8606040001:淀川
Yodo,Biwa,W05:860604:8606040001:瀬田川,W05:860604:8606040001:淀川,102,-47040,12490,320,8880.325,313.002,73,W05:860604:8606040001:瀬田川>W05:860604:8606040001:宇治川>W05:860604:8606040001:淀川
Yodo,Biwa,W05:860604:8606040001:瀬田川,W05:860604:8606040001:淀川,103,-47201,12658,320,8880.325,313.002,73,W05:860604:8606040001:瀬田川>W05:860604:8606040001:宇治川>W05:860604:8606040001:淀川
Yodo,Biwa,W05:860604:8606040001:瀬田川,W05:860604:8606040001:淀川,104,-47266,12732,320,8880.325,313.002,73,W05:860604:8606040001:瀬田川>W05:860604:8606040001:宇治川>W05:860604:8606040001:淀川
Yodo,Biwa,W05:860604:8606040001:瀬田川,W05:860604:8606040001:淀川,105,-47299,12768,320,8880.325,313.002,73,W05:860604:8606040001:瀬田川>W05:860604:8606040001:宇治川>W05:860604:8606040001:淀川
Yodo,Biwa,W05:860604:8606040001:瀬田川,W05:860604:8606040001:淀川,106,-47419,12856,320,8880.325,313.002,73,W05:860604:8606040001:瀬田川>W05:860604:8606040001:宇治川>W05:860604:8606040001:淀川
Yodo,Biwa,W05:860604:8606040001:瀬田川,W05:860604:8606040001:淀川,107,-47516,12883,320,8880.325,313.002,73,W05:860604:8606040001:瀬田川>W05:860604:8606040001:宇治川>W05:860604:8606040001:淀川
Yodo,Biwa,W05:860604:8606040001:瀬田川,W05:860604:8606040001:淀川,108,-47535,12894,320,8880.325,313.002,73,W05:860604:8606040001:瀬田川>W05:860604:8606040001:宇治川>W05:860604:8606040001:淀川
Yodo,Biwa,W05:860604:8606040001:瀬田川,W05:860604:8606040001:淀川,109,-47587,12945,320,8880.325,313.002,73,W05:860604:8606040001:瀬田川>W05:860604:8606040001:宇治川>W05:860604:8606040001:淀川
Yodo,Biwa,W05:860604:8606040001:瀬田川,W05:860604:8606040001:淀川,110,-47607,13074,320,8880.325,313.002,73,W05:860604:8606040001:瀬田川>W05:860604:8606040001:宇治川>W05:860604:8606040001:淀川
Yodo,Biwa,W05:860604:8606040001:瀬田川,W05:860604:8606040001:淀川,111,-47654,13139,320,8880.325,313.002,73,W05:860604:8606040001:瀬田川>W05:860604:8606040001:宇治川>W05:860604:8606040001:淀川
Yodo,Biwa,W05:860604:8606040001:瀬田川,W05:860604:8606040001:淀川,112,-47667,13150,320,8880.325,313.002,73,W05:860604:8606040001:瀬田川>W05:860604:8606040001:宇治川>W05:860604:8606040001:淀川
Yodo,Biwa,W05:860604:8606040001:瀬田川,W05:860604:8606040001:淀川,113,-47733,13181,320,8880.325,313.002,73,W05:860604:8606040001:瀬田川>W05:860604:8606040001:宇治川>W05:860604:8606040001:淀川
Yodo,Biwa,W05:860604:8606040001:瀬田川,W05:860604:8606040001:淀川,114,-47829,13195,320,8880.325,313.002,73,W05:860604:8606040001:瀬田川>W05:860604:8606040001:宇治川>W05:860604:8606040001:淀川
Yodo,Biwa,W05:860604:8606040001:瀬田川,W05:860604:8606040001:淀川,115,-47880,13195,320,8880.325,313.002,73,W05:860604:8606040001:瀬田川>W05:860604:8606040001:宇治川>W05:860604:8606040001:淀川
Yodo,Biwa,W05:860604:8606040001:瀬田川,W05:860604:8606040001:淀川,116,-48001,13231,320,8880.325,313.002,73,W05:860604:8606040001:瀬田川>W05:860604:8606040001:宇治川>W05:860604:8606040001:淀川
Yodo,Biwa,W05:860604:8606040001:瀬田川,W05:860604:8606040001:淀川,117,-48056,13318,320,8880.325,313.002,73,W05:860604:8606040001:瀬田川>W05:860604:8606040001:宇治川>W05:860604:8606040001:淀川
Yodo,Biwa,W05:860604:8606040001:瀬田川,W05:860604:8606040001:淀川,118,-48076,13334,320,8880.325,313.002,73,W05:860604:8606040001:瀬田川>W05:860604:8606040001:宇治川>W05:860604:8606040001:淀川
Yodo,Biwa,W05:860604:8606040001:瀬田川,W05:860604:8606040001:淀川,119,-48164,13390,320,8880.325,313.002,73,W05:860604:8606040001:瀬田川>W05:860604:8606040001:宇治川>W05:860604:8606040001:淀川
Yodo,Biwa,W05:860604:8606040001:瀬田川,W05:860604:8606040001:淀川,120,-48213,13392,320,8880.325,313.002,73,W05:860604:8606040001:瀬田川>W05:860604:8606040001:宇治川>W05:860604:8606040001:淀川
Yodo,Biwa,W05:860604:8606040001:瀬田川,W05:860604:8606040001:淀川,121,-48282,13396,320,8880.325,313.002,73,W05:860604:8606040001:瀬田川>W05:860604:8606040001:宇治川>W05:860604:8606040001:淀川
Yodo,Biwa,W05:860604:8606040001:瀬田川,W05:860604:8606040001:淀川,122,-48411,13476,320,8880.325,313.002,73,W05:860604:8606040001:瀬田川>W05:860604:8606040001:宇治川>W05:860604:8606040001:淀川
Yodo,Biwa,W05:860604:8606040001:瀬田川,W05:860604:8606040001:淀川,123,-48662,13663,320,8880.325,313.002,73,W05:860604:8606040001:瀬田川>W05:860604:8606040001:宇治川>W05:860604:8606040001:淀川
Yodo,Biwa,W05:860604:8606040001:瀬田川,W05:860604:8606040001:淀川,124,-48845,13768,320,8880.325,313.002,73,W05:860604:8606040001:瀬田川>W05:860604:8606040001:宇治川>W05:860604:8606040001:淀川
Yodo,Biwa,W05:860604:8606040001:瀬田川,W05:860604:8606040001:淀川,125,-48963,13826,320,8880.325,313.002,73,W05:860604:8606040001:瀬田川>W05:860604:8606040001:宇治川>W05:860604:8606040001:淀川
Yodo,Biwa,W05:860604:8606040001:瀬田川,W05:860604:8606040001:淀川,126,-49015,13849,320,8880.325,313.002,73,W05:860604:8606040001:瀬田川>W05:860604:8606040001:宇治川>W05:860604:8606040001:淀川
Yodo,Biwa,W05:860604:8606040001:瀬田川,W05:860604:8606040001:淀川,127,-49133,13890,320,8880.325,313.002,73,W05:860604:8606040001:瀬田川>W05:860604:8606040001:宇治川>W05:860604:8606040001:淀川
